LightingCondition,WeatherCondition,SurfaceCondition,RoadCharacteristics,PrimaryFactor,TrafficIncidentSpeed,congestion,predicted_congestion
DAYLIGHT,CLEAR,DRY,NON-ROADWAY CRASH,UNSAFE BACKING,110.0,0,0
DAYLIGHT,CLEAR,DRY,STRAIGHT/HILLCREST,FOLLOWING TOO CLOSELY,66.0,0,0
DAYLIGHT,CLEAR,DRY,STRAIGHT/HILLCREST,DRIVER DISTRACTED,100.0,0,0
DAYLIGHT,CLEAR,DRY,STRAIGHT/HILLCREST,DRIVER ILLNESS,68.0,0,0
DAYLIGHT,CLEAR,DRY,STRAIGHT/HILLCREST,BRAKE FAILURE OR DEFECTIVE,114.0,0,0
DAYLIGHT,RAIN,WET,NON-ROADWAY CRASH,IMPROPER TURNING,81.0,0,0
DARK,CLOUDY,DRY,STRAIGHT/HILLCREST,IMPROPER TURNING,63.0,0,0
DARK (LIGHTED),CLEAR,DRY,NON-ROADWAY CRASH,UNSAFE BACKING,62.0,0,0
DARK (LIGHTED),CLOUDY,DRY,STRAIGHT/HILLCREST,DISREGARD SIGNAL/REG SIGN,56.0,0,0
DAYLIGHT,RAIN,WET,STRAIGHT/HILLCREST,FOLLOWING TOO CLOSELY,75.0,0,0
DAYLIGHT,CLEAR,DRY,STRAIGHT/HILLCREST,DRIVER DISTRACTED,114.0,0,0
DAYLIGHT,CLEAR,DRY,CURVE/HILLCREST,FAILURE TO YIELD RIGHT OF WAY,112.0,0,0
DAYLIGHT,RAIN,WET,STRAIGHT/HILLCREST,FOLLOWING TOO CLOSELY,88.0,0,0
DAYLIGHT,CLEAR,DRY,STRAIGHT/HILLCREST,FOLLOWING TOO CLOSELY,111.0,0,0
DAYLIGHT,CLEAR,DRY,STRAIGHT/HILLCREST,FOLLOWING TOO CLOSELY,117.0,0,0
DAYLIGHT,CLOUDY,WET,STRAIGHT/HILLCREST,IMPROPER PASSING,91.0,0,0
DAYLIGHT,CLOUDY,WET,STRAIGHT/HILLCREST,FOLLOWING TOO CLOSELY,62.0,0,0
DAYLIGHT,CLEAR,DRY,STRAIGHT/HILLCREST,FOLLOWING TOO CLOSELY,103.0,0,0
DAYLIGHT,RAIN,WET,STRAIGHT/HILLCREST,FAILURE TO YIELD RIGHT OF WAY,65.0,0,0
DAYLIGHT,CLEAR,DRY,STRAIGHT/HILLCREST,FOLLOWING TOO CLOSELY,90.0,0,0
DAYLIGHT,CLEAR,DRY,STRAIGHT/HILLCREST,FAILURE TO YIELD RIGHT OF WAY,78.0,0,0
DAYLIGHT,CLEAR,DRY,STRAIGHT/HILLCREST,DISREGARD SIGNAL/REG SIGN,66.0,0,0
DARK (LIGHTED),CLOUDY,DRY,NON-ROADWAY CRASH,UNSAFE BACKING,99.0,0,0
DAYLIGHT,CLEAR,DRY,NON-ROADWAY CRASH,UNSAFE BACKING,99.0,0,0
DAYLIGHT,CLOUDY,WET,NON-ROADWAY CRASH,UNSAFE BACKING,65.0,0,0
DARK (LIGHTED),CLEAR,DRY,NON-ROADWAY CRASH,UNSAFE BACKING,63.0,0,0
DAYLIGHT,CLEAR,DRY,NON-ROADWAY CRASH,UNSAFE BACKING,84.0,0,0
DARK (LIGHTED),CLEAR,DRY,NON-ROADWAY CRASH,UNSAFE BACKING,75.0,0,0
DARK (LIGHTED),CLEAR,DRY,NON-ROADWAY CRASH,RAN OFF ROAD RIGHT,68.0,0,0
DAYLIGHT,RAIN,WET,NON-ROADWAY CRASH,UNSAFE BACKING,77.0,0,0
DARK (LIGHTED),CLEAR,DRY,NON-ROADWAY CRASH,UNSAFE BACKING,92.0,0,0
DAYLIGHT,CLEAR,DRY,NON-ROADWAY CRASH,UNSAFE BACKING,110.0,0,0
DARK (LIGHTED),CLEAR,DRY,NON-ROADWAY CRASH,UNSAFE BACKING,75.0,0,0
DAYLIGHT,CLOUDY,DRY,NON-ROADWAY CRASH,UNSAFE BACKING,86.0,0,0
DAYLIGHT,CLEAR,DRY,NON-ROADWAY CRASH,OTHER (DRIVER),65.0,0,0
DARK (LIGHTED),CLEAR,DRY,NON-ROADWAY CRASH,IMPROPER TURNING,115.0,0,0
DAYLIGHT,CLEAR,DRY,NON-ROADWAY CRASH,OVERCORRECTING/OVERSTEERING,92.0,0,0
DAYLIGHT,CLEAR,DRY,NON-ROADWAY CRASH,OTHER (DRIVER),118.0,0,0
DAYLIGHT,CLEAR,DRY,NON-ROADWAY CRASH,UNSAFE BACKING,89.0,0,0
DAYLIGHT,CLEAR,DRY,NON-ROADWAY CRASH,OVERCORRECTING/OVERSTEERING,118.0,0,0
DARK (LIGHTED),CLEAR,DRY,NON-ROADWAY CRASH,UNSAFE BACKING,87.0,0,0
DAYLIGHT,CLOUDY,DRY,NON-ROADWAY CRASH,UNSAFE BACKING,66.0,0,0
DARK (LIGHTED),SNOW,SNOW/SLUSH,NON-ROADWAY CRASH,SPEED TOO FAST - WEATHER CONDITIONS,43.0,1,1
DAYLIGHT,CLOUDY,DRY,NON-ROADWAY CRASH,OTHER (DRIVER),50.0,0,0
DARK (LIGHTED),RAIN,WET,NON-ROADWAY CRASH,OTHER (DRIVER),60.0,1,1
DAYLIGHT,CLEAR,DRY,NON-ROADWAY CRASH,BRAKE FAILURE OR DEFECTIVE,60.0,0,0
DAYLIGHT,CLOUDY,DRY,NON-ROADWAY CRASH,UNSAFE BACKING,76.0,0,0
DAYLIGHT,CLEAR,DRY,NON-ROADWAY CRASH,OTHER (VEHICLE),113.0,0,0
DAYLIGHT,CLEAR,DRY,NON-ROADWAY CRASH,UNSAFE BACKING,78.0,0,0
DAYLIGHT,CLOUDY,DRY,NON-ROADWAY CRASH,OTHER (DRIVER),96.0,0,0
DAYLIGHT,RAIN,WET,NON-ROADWAY CRASH,UNSAFE BACKING,50.0,0,0
DARK (LIGHTED),CLOUDY,DRY,NON-ROADWAY CRASH,UNSAFE BACKING,59.0,0,0
DAYLIGHT,CLEAR,DRY,NON-ROADWAY CRASH,OTHER (DRIVER),118.0,0,0
DARK (LIGHTED),CLOUDY,WET,STRAIGHT/HILLCREST,DISREGARD SIGNAL/REG SIGN,96.0,0,0
DAYLIGHT,CLEAR,DRY,STRAIGHT/HILLCREST,VIEW OBSTRUCTED,69.0,0,0
DARK (LIGHTED),RAIN,WET,STRAIGHT/HILLCREST,DRIVER DISTRACTED,66.0,1,1
DARK (LIGHTED),CLEAR,DRY,CURVE/HILLCREST,OTHER (DRIVER),90.0,0,0
DARK (LIGHTED),SNOW,ICE,STRAIGHT/HILLCREST,ROADWAY SURFACE CONDITION,35.0,1,1
DAYLIGHT,CLEAR,DRY,STRAIGHT/HILLCREST,UNSAFE LANE MOVEMENT,101.0,0,0
DARK (LIGHTED),CLEAR,SNOW/SLUSH,STRAIGHT/HILLCREST,DRIVER DISTRACTED,83.0,0,1
DARK,CLEAR,DRY,CURVE/HILLCREST,RAN OFF ROAD RIGHT,82.0,0,0
DAYLIGHT,CLOUDY,DRY,STRAIGHT/HILLCREST,FOLLOWING TOO CLOSELY,77.0,0,0
DARK,CLEAR,DRY,STRAIGHT/HILLCREST,FOLLOWING TOO CLOSELY,93.0,0,0
DAYLIGHT,CLEAR,DRY,CURVE/HILLCREST,UNSAFE BACKING,76.0,0,0
DAYLIGHT,CLEAR,DRY,STRAIGHT/HILLCREST,FAILURE TO YIELD RIGHT OF WAY,92.0,0,0
DAYLIGHT,CLEAR,DRY,STRAIGHT/HILLCREST,FAILURE TO YIELD RIGHT OF WAY,101.0,0,0
DAYLIGHT,CLEAR,DRY,STRAIGHT/HILLCREST,FOLLOWING TOO CLOSELY,104.0,0,0
DAYLIGHT,CLEAR,DRY,STRAIGHT/HILLCREST,FOLLOWING TOO CLOSELY,80.0,0,0
DARK (LIGHTED),CLOUDY,WET,STRAIGHT/HILLCREST,OTHER (DRIVER),74.0,0,0
DAYLIGHT,CLEAR,SNOW/SLUSH,CURVE/HILLCREST,SPEED TOO FAST - WEATHER CONDITIONS,83.0,0,0
DAYLIGHT,CLOUDY,WET,CURVE/HILLCREST,FOLLOWING TOO CLOSELY,98.0,0,0
DARK,CLEAR,DRY,STRAIGHT/HILLCREST,UNSAFE SPEED,118.0,0,0
DAYLIGHT,RAIN,WET,STRAIGHT/HILLCREST,FOLLOWING TOO CLOSELY,87.0,0,0
DARK (LIGHTED),RAIN,WET,STRAIGHT/HILLCREST,UNSAFE SPEED,56.0,1,1
DARK (LIGHTED),SNOW,SNOW/SLUSH,STRAIGHT/HILLCREST,SPEED TOO FAST - WEATHER CONDITIONS,34.0,1,1
DAYLIGHT,CLEAR,DRY,STRAIGHT/HILLCREST,IMPROPER LANE USAGE,100.0,0,0
DAYLIGHT,SNOW,DRY,STRAIGHT/HILLCREST,FOLLOWING TOO CLOSELY,44.0,0,1
DAYLIGHT,CLEAR,DRY,STRAIGHT/HILLCREST,FOLLOWING TOO CLOSELY,109.0,0,0
DAYLIGHT,CLEAR,DRY,STRAIGHT/HILLCREST,FAILURE TO YIELD RIGHT OF WAY,60.0,0,0
DAYLIGHT,CLEAR,DRY,STRAIGHT/HILLCREST,FOLLOWING TOO CLOSELY,103.0,0,0
DAWN/DUSK,CLEAR,DRY,STRAIGHT/HILLCREST,FAILURE TO YIELD RIGHT OF WAY,79.0,0,0
DAYLIGHT,CLOUDY,DRY,NON-ROADWAY CRASH,OTHER (VEHICLE),93.0,0,0
DAYLIGHT,CLEAR,DRY,NON-ROADWAY CRASH,FAILURE TO YIELD RIGHT OF WAY,101.0,0,0
DARK (LIGHTED),CLEAR,DRY,NON-ROADWAY CRASH,OTHER (DRIVER),119.0,0,0
DARK (LIGHTED),CLEAR,DRY,NON-ROADWAY CRASH,UNSAFE BACKING,67.0,0,0
DAYLIGHT,RAIN,WET,STRAIGHT/HILLCREST,FOLLOWING TOO CLOSELY,45.0,0,0
DAYLIGHT,CLEAR,DRY,STRAIGHT/HILLCREST,OTHER (VEHICLE),105.0,0,0
DARK (LIGHTED),CLEAR,DRY,STRAIGHT/HILLCREST,DISREGARD SIGNAL/REG SIGN,81.0,0,0
DARK (LIGHTED),CLOUDY,DRY,STRAIGHT/HILLCREST,IMPROPER LANE USAGE,75.0,0,0
DAYLIGHT,CLEAR,DRY,NON-ROADWAY CRASH,UNSAFE BACKING,66.0,0,0
DARK (LIGHTED),CLEAR,DRY,STRAIGHT/HILLCREST,OTHER (DRIVER),62.0,0,0
DAYLIGHT,RAIN,WET,STRAIGHT/HILLCREST,CELL PHONE USAGE,90.0,0,0
DAYLIGHT,CLEAR,DRY,STRAIGHT/HILLCREST,UNSAFE BACKING,117.0,0,0
DAYLIGHT,CLOUDY,DRY,STRAIGHT/HILLCREST,FOLLOWING TOO CLOSELY,50.0,0,0
DAYLIGHT,CLOUDY,DRY,STRAIGHT/HILLCREST,IMPROPER TURNING,50.0,0,0
DARK (LIGHTED),CLEAR,DRY,NON-ROADWAY CRASH,OTHER (DRIVER),84.0,0,0
DAYLIGHT,CLEAR,DRY,STRAIGHT/HILLCREST,FOLLOWING TOO CLOSELY,114.0,0,0
DAYLIGHT,CLEAR,DRY,STRAIGHT/HILLCREST,IMPROPER TURNING,91.0,0,0
DAYLIGHT,RAIN,WET,STRAIGHT/HILLCREST,FOLLOWING TOO CLOSELY,86.0,0,0
DARK (LIGHTED),SLEET/HAIL/FREEZING,ICE,NON-ROADWAY CRASH,SPEED TOO FAST - WEATHER CONDITIONS,38.0,1,1
DAYLIGHT,CLEAR,DRY,STRAIGHT/HILLCREST,UNSAFE LANE MOVEMENT,112.0,0,0
DAYLIGHT,CLEAR,DRY,NON-ROADWAY CRASH,IMPROPER TURNING,91.0,0,0
DAYLIGHT,CLEAR,DRY,NON-ROADWAY CRASH,IMPROPER TURNING,111.0,0,0
DARK,CLEAR,WET,NON-ROADWAY CRASH,UNSAFE BACKING,62.0,0,0
DAYLIGHT,RAIN,WET,NON-ROADWAY CRASH,UNSAFE BACKING,47.0,0,0
DARK (LIGHTED),SNOW,SNOW/SLUSH,NON-ROADWAY CRASH,SPEED TOO FAST - WEATHER CONDITIONS,54.0,1,1
DAYLIGHT,RAIN,WET,STRAIGHT/HILLCREST,FOLLOWING TOO CLOSELY,79.0,0,0
DAYLIGHT,CLEAR,DRY,STRAIGHT/HILLCREST,FOLLOWING TOO CLOSELY,96.0,0,0
DAYLIGHT,CLEAR,DRY,STRAIGHT/HILLCREST,IMPROPER TURNING,106.0,0,0
DARK (LIGHTED),SNOW,ICE,STRAIGHT/HILLCREST,UNSAFE SPEED,35.0,1,1
DAYLIGHT,CLEAR,DRY,STRAIGHT/HILLCREST,FOLLOWING TOO CLOSELY,78.0,0,0
DAYLIGHT,CLEAR,DRY,STRAIGHT/HILLCREST,UNSAFE LANE MOVEMENT,90.0,0,0
DARK (LIGHTED),RAIN,WET,STRAIGHT/HILLCREST,FOLLOWING TOO CLOSELY,54.0,1,1
DARK (LIGHTED),CLEAR,DRY,NON-ROADWAY CRASH,OTHER (DRIVER),89.0,0,0
DARK (LIGHTED),CLEAR,DRY,NON-ROADWAY CRASH,OTHER (DRIVER),120.0,0,0
DAYLIGHT,CLOUDY,DRY,CURVE/HILLCREST,RAN OFF ROAD RIGHT,77.0,0,0
DARK (LIGHTED),CLEAR,WET,STRAIGHT/HILLCREST,DRIVER DISTRACTED,73.0,0,0
DARK (LIGHTED),CLEAR,DRY,STRAIGHT/HILLCREST,PEDESTRIAN ACTION,104.0,0,0
DAYLIGHT,SNOW,SNOW/SLUSH,STRAIGHT/HILLCREST,SPEED TOO FAST - WEATHER CONDITIONS,48.0,1,1
DARK (LIGHTED),CLEAR,DRY,STRAIGHT/HILLCREST,FOLLOWING TOO CLOSELY,82.0,0,0
DAYLIGHT,CLOUDY,DRY,STRAIGHT/HILLCREST,FOLLOWING TOO CLOSELY,55.0,0,0
DAYLIGHT,CLEAR,DRY,STRAIGHT/HILLCREST,FAILURE TO YIELD RIGHT OF WAY,71.0,0,0
DARK (LIGHTED),CLEAR,DRY,STRAIGHT/HILLCREST,FAILURE TO YIELD RIGHT OF WAY,112.0,0,0
DAYLIGHT,RAIN,WET,STRAIGHT/HILLCREST,FAILURE TO YIELD RIGHT OF WAY,54.0,0,0
DAYLIGHT,CLEAR,DRY,NON-ROADWAY CRASH,UNSAFE BACKING,70.0,0,0
DAYLIGHT,CLOUDY,DRY,NON-ROADWAY CRASH,OTHER (DRIVER),65.0,0,0
DAYLIGHT,CLEAR,DRY,STRAIGHT/HILLCREST,BRAKE FAILURE OR DEFECTIVE,62.0,0,0
DAYLIGHT,CLEAR,DRY,STRAIGHT/HILLCREST,FAILURE TO YIELD RIGHT OF WAY,107.0,0,0
DAYLIGHT,RAIN,WET,STRAIGHT/HILLCREST,DISREGARD SIGNAL/REG SIGN,69.0,0,0
DAYLIGHT,CLEAR,DRY,STRAIGHT/HILLCREST,FOLLOWING TOO CLOSELY,97.0,0,0
DAYLIGHT,CLEAR,DRY,STRAIGHT/HILLCREST,FAILURE TO YIELD RIGHT OF WAY,118.0,0,0
DARK (LIGHTED),CLEAR,DRY,STRAIGHT/HILLCREST,IMPROPER LANE USAGE,115.0,0,0
DAYLIGHT,CLEAR,DRY,STRAIGHT/HILLCREST,FAILURE TO YIELD RIGHT OF WAY,63.0,0,0
DAYLIGHT,CLEAR,DRY,STRAIGHT/HILLCREST,DISREGARD SIGNAL/REG SIGN,117.0,0,0
DARK (LIGHTED),CLEAR,DRY,STRAIGHT/HILLCREST,FAILURE TO YIELD RIGHT OF WAY,77.0,0,0
DARK (LIGHTED),SLEET/HAIL/FREEZING,ICE,STRAIGHT/HILLCREST,ROADWAY SURFACE CONDITION,48.0,1,1
DAYLIGHT,CLEAR,DRY,STRAIGHT/HILLCREST,FAILURE TO YIELD RIGHT OF WAY,81.0,0,0
DAYLIGHT,CLEAR,DRY,STRAIGHT/HILLCREST,FOLLOWING TOO CLOSELY,111.0,0,0
DAYLIGHT,CLOUDY,DRY,STRAIGHT/HILLCREST,BRAKE FAILURE OR DEFECTIVE,93.0,0,0
DAYLIGHT,CLOUDY,WET,CURVE/HILLCREST,LEFT OF CENTER,59.0,0,0
DAYLIGHT,SNOW,SNOW/SLUSH,STRAIGHT/HILLCREST,OTHER (DRIVER),44.0,1,1
DAYLIGHT,CLEAR,DRY,STRAIGHT/HILLCREST,IMPROPER TURNING,63.0,0,0
DARK (LIGHTED),SNOW,ICE,STRAIGHT/HILLCREST,RAN OFF ROAD RIGHT,45.0,1,1
DARK,RAIN,WET,STRAIGHT/HILLCREST,IMPROPER LANE USAGE,47.0,1,1
DAYLIGHT,CLEAR,DRY,STRAIGHT/HILLCREST,UNSAFE LANE MOVEMENT,81.0,0,0
DAYLIGHT,CLEAR,DRY,STRAIGHT/HILLCREST,FAILURE TO YIELD RIGHT OF WAY,103.0,0,0
DARK (LIGHTED),RAIN,WET,STRAIGHT/HILLCREST,FAILURE TO YIELD RIGHT OF WAY,47.0,1,1
DARK (LIGHTED),CLEAR,DRY,STRAIGHT/HILLCREST,IMPROPER TURNING,77.0,0,0
DARK,CLEAR,DRY,STRAIGHT/HILLCREST,FAILURE TO YIELD RIGHT OF WAY,94.0,0,0
DAYLIGHT,CLEAR,DRY,STRAIGHT/HILLCREST,UNSAFE SPEED,101.0,0,0
DAYLIGHT,CLEAR,DRY,STRAIGHT/HILLCREST,FAILURE TO YIELD RIGHT OF WAY,92.0,0,0
DARK,CLEAR,DRY,NON-ROADWAY CRASH,RAN OFF ROAD RIGHT,101.0,0,0
DARK (LIGHTED),RAIN,WET,STRAIGHT/HILLCREST,UNSAFE LANE MOVEMENT,44.0,1,1
DAYLIGHT,CLEAR,DRY,STRAIGHT/HILLCREST,FAILURE TO YIELD RIGHT OF WAY,77.0,0,0
DAYLIGHT,CLEAR,DRY,STRAIGHT/HILLCREST,FOLLOWING TOO CLOSELY,105.0,0,0
DAYLIGHT,CLEAR,DRY,STRAIGHT/HILLCREST,OTHER (ENVIRONMENTAL) - EXPLAIN IN NARR,85.0,0,0
DAYLIGHT,CLEAR,DRY,STRAIGHT/HILLCREST,IMPROPER TURNING,97.0,0,0
DAYLIGHT,CLOUDY,DRY,STRAIGHT/HILLCREST,FAILURE TO YIELD RIGHT OF WAY,76.0,0,0
DARK,RAIN,WET,STRAIGHT/HILLCREST,FAILURE TO YIELD RIGHT OF WAY,79.0,1,1
DAYLIGHT,RAIN,WET,STRAIGHT/HILLCREST,FAILURE TO YIELD RIGHT OF WAY,45.0,0,0
DAYLIGHT,CLOUDY,ICE,CURVE/HILLCREST,ROADWAY SURFACE CONDITION,76.0,1,1
DAYLIGHT,RAIN,WET,STRAIGHT/HILLCREST,DISREGARD SIGNAL/REG SIGN,81.0,0,0
DARK (LIGHTED),CLEAR,DRY,STRAIGHT/HILLCREST,IMPROPER LANE USAGE,108.0,0,0
DAYLIGHT,CLEAR,DRY,STRAIGHT/HILLCREST,FAILURE TO YIELD RIGHT OF WAY,101.0,0,0
DAYLIGHT,CLEAR,DRY,STRAIGHT/HILLCREST,FAILURE TO YIELD RIGHT OF WAY,114.0,0,0
DAYLIGHT,CLEAR,DRY,STRAIGHT/HILLCREST,OTHER (DRIVER),96.0,0,0
DAYLIGHT,CLEAR,DRY,STRAIGHT/HILLCREST,OVERCORRECTING/OVERSTEERING,113.0,0,0
DAYLIGHT,CLOUDY,MUDDY,NON-ROADWAY CRASH,RAN OFF ROAD RIGHT,77.0,0,0
DAYLIGHT,CLEAR,DRY,STRAIGHT/HILLCREST,FAILURE TO YIELD RIGHT OF WAY,71.0,0,0
DAYLIGHT,CLEAR,DRY,STRAIGHT/HILLCREST,ENGINE FAILURE OR DEFECTIVE,116.0,0,0
DAYLIGHT,CLEAR,DRY,STRAIGHT/HILLCREST,OTHER (DRIVER),87.0,0,0
DAYLIGHT,CLOUDY,DRY,STRAIGHT/HILLCREST,FOLLOWING TOO CLOSELY,94.0,0,0
DAYLIGHT,RAIN,WET,STRAIGHT/HILLCREST,FOLLOWING TOO CLOSELY,42.0,0,0
DAYLIGHT,CLEAR,DRY,STRAIGHT/HILLCREST,DISREGARD SIGNAL/REG SIGN,85.0,0,0
DAYLIGHT,CLEAR,WET,STRAIGHT/HILLCREST,STEERING FAILURE,90.0,0,0
DARK (LIGHTED),CLEAR,DRY,STRAIGHT/HILLCREST,FAILURE TO YIELD RIGHT OF WAY,120.0,0,0
DAYLIGHT,SNOW,ICE,STRAIGHT/HILLCREST,SPEED TOO FAST - WEATHER CONDITIONS,35.0,1,1
DAYLIGHT,CLEAR,DRY,STRAIGHT/HILLCREST,FOLLOWING TOO CLOSELY,98.0,0,0
DAYLIGHT,CLEAR,DRY,STRAIGHT/HILLCREST,FOLLOWING TOO CLOSELY,75.0,0,0
DARK (LIGHTED),RAIN,WET,STRAIGHT/HILLCREST,FAILURE TO YIELD RIGHT OF WAY,43.0,1,1
DARK,CLEAR,DRY,STRAIGHT/HILLCREST,ANIMAL/OBJECT IN ROADWAY,114.0,0,0
DARK (LIGHTED),CLEAR,DRY,STRAIGHT/HILLCREST,UNSAFE LANE MOVEMENT,99.0,0,0
DARK (LIGHTED),RAIN,WET,STRAIGHT/HILLCREST,FAILURE TO YIELD RIGHT OF WAY,77.0,1,1
DAYLIGHT,SNOW,ICE,STRAIGHT/HILLCREST,SPEED TOO FAST - WEATHER CONDITIONS,31.0,1,1
DAYLIGHT,CLEAR,DRY,STRAIGHT/HILLCREST,IMPROPER TURNING,100.0,0,0
DARK (LIGHTED),RAIN,WET,STRAIGHT/HILLCREST,FAILURE TO YIELD RIGHT OF WAY,72.0,1,1
DARK,CLEAR,DRY,STRAIGHT/HILLCREST,FOLLOWING TOO CLOSELY,99.0,0,0
DARK (LIGHTED),CLEAR,DRY,STRAIGHT/HILLCREST,FAILURE TO YIELD RIGHT OF WAY,73.0,0,0
DARK (LIGHTED),CLEAR,DRY,STRAIGHT/HILLCREST,UNSAFE SPEED,61.0,0,0
DAYLIGHT,CLOUDY,WET,STRAIGHT/HILLCREST,SPEED TOO FAST - WEATHER CONDITIONS,53.0,0,0
DARK (LIGHTED),CLEAR,DRY,STRAIGHT/HILLCREST,FAILURE TO YIELD RIGHT OF WAY,106.0,0,0
DARK (LIGHTED),CLEAR,ICE,STRAIGHT/HILLCREST,FOLLOWING TOO CLOSELY,84.0,1,1
DARK (LIGHTED),RAIN,WET,CURVE/HILLCREST,ROADWAY SURFACE CONDITION,89.0,1,1
DARK (LIGHTED),CLEAR,DRY,STRAIGHT/HILLCREST,FOLLOWING TOO CLOSELY,79.0,0,0
DARK,RAIN,WET,STRAIGHT/HILLCREST,FOLLOWING TOO CLOSELY,85.0,1,1
DAYLIGHT,CLEAR,WET,STRAIGHT/HILLCREST,DISREGARD SIGNAL/REG SIGN,110.0,0,0
DAYLIGHT,CLEAR,DRY,CURVE/HILLCREST,IMPROPER TURNING,71.0,0,0
DAYLIGHT,CLOUDY,WET,STRAIGHT/HILLCREST,FAILURE TO YIELD RIGHT OF WAY,75.0,0,0
DAYLIGHT,CLEAR,DRY,STRAIGHT/HILLCREST,FOLLOWING TOO CLOSELY,75.0,0,0
DAYLIGHT,RAIN,WET,STRAIGHT/HILLCREST,UNSAFE SPEED,89.0,0,0
DAYLIGHT,RAIN,WET,STRAIGHT/HILLCREST,FOLLOWING TOO CLOSELY,54.0,0,0
DAYLIGHT,CLEAR,DRY,STRAIGHT/HILLCREST,FAILURE TO YIELD RIGHT OF WAY,102.0,0,0
DAYLIGHT,CLOUDY,DRY,STRAIGHT/HILLCREST,FAILURE TO YIELD RIGHT OF WAY,80.0,0,0
DAYLIGHT,CLOUDY,DRY,STRAIGHT/HILLCREST,FAILURE TO YIELD RIGHT OF WAY,85.0,0,0
DAYLIGHT,CLEAR,DRY,STRAIGHT/HILLCREST,FOLLOWING TOO CLOSELY,82.0,0,0
DARK (LIGHTED),RAIN,WET,STRAIGHT/HILLCREST,SPEED TOO FAST - WEATHER CONDITIONS,85.0,1,1
DARK (LIGHTED),RAIN,WATER (STANDING OR MOVING),STRAIGHT/HILLCREST,OVERCORRECTING/OVERSTEERING,68.0,1,1
DAYLIGHT,CLEAR,DRY,STRAIGHT/HILLCREST,FOLLOWING TOO CLOSELY,80.0,0,0
DAYLIGHT,CLEAR,DRY,CURVE/HILLCREST,FAILURE TO YIELD RIGHT OF WAY,83.0,0,0
DARK (LIGHTED),CLEAR,DRY,NON-ROADWAY CRASH,UNSAFE BACKING,110.0,0,0
DAYLIGHT,CLEAR,DRY,NON-ROADWAY CRASH,OTHER (DRIVER),88.0,0,0
DARK (LIGHTED),CLEAR,DRY,NON-ROADWAY CRASH,OTHER (VEHICLE),66.0,0,0
DARK (LIGHTED),RAIN,MUDDY,NON-ROADWAY CRASH,UNSAFE BACKING,59.0,1,1
DAYLIGHT,CLEAR,DRY,STRAIGHT/HILLCREST,FOLLOWING TOO CLOSELY,99.0,0,0
DAYLIGHT,CLOUDY,DRY,STRAIGHT/HILLCREST,FOLLOWING TOO CLOSELY,98.0,0,0
DAYLIGHT,CLEAR,DRY,STRAIGHT/HILLCREST,FAILURE TO YIELD RIGHT OF WAY,90.0,0,0
DAYLIGHT,CLOUDY,DRY,STRAIGHT/HILLCREST,OTHER (DRIVER),56.0,0,0
DAYLIGHT,CLEAR,DRY,STRAIGHT/HILLCREST,IMPROPER TURNING,98.0,0,0
DAYLIGHT,CLEAR,DRY,NON-ROADWAY CRASH,DRIVER DISTRACTED,73.0,0,0
DAYLIGHT,CLEAR,DRY,NON-ROADWAY CRASH,OTHER (DRIVER),93.0,0,0
DAYLIGHT,SNOW,SNOW/SLUSH,STRAIGHT/HILLCREST,DISREGARD SIGNAL/REG SIGN,42.0,1,1
DAYLIGHT,CLOUDY,DRY,STRAIGHT/HILLCREST,FAILURE TO YIELD RIGHT OF WAY,58.0,0,0
DARK,CLEAR,DRY,STRAIGHT/HILLCREST,RAN OFF ROAD RIGHT,77.0,0,0
DAYLIGHT,CLOUDY,DRY,STRAIGHT/HILLCREST,OVERCORRECTING/OVERSTEERING,82.0,0,0
DAYLIGHT,CLEAR,DRY,STRAIGHT/HILLCREST,RAN OFF ROAD RIGHT,69.0,0,0
DAWN/DUSK,CLEAR,DRY,STRAIGHT/HILLCREST,FAILURE TO YIELD RIGHT OF WAY,78.0,0,0
DAYLIGHT,SNOW,SNOW/SLUSH,NON-ROADWAY CRASH,UNSAFE BACKING,35.0,1,1
DAYLIGHT,CLEAR,DRY,NON-ROADWAY CRASH,UNSAFE BACKING,63.0,0,0
DARK,CLEAR,DRY,STRAIGHT/HILLCREST,ANIMAL/OBJECT IN ROADWAY,118.0,0,0
DAYLIGHT,CLEAR,DRY,STRAIGHT/HILLCREST,RAN OFF ROAD RIGHT,102.0,0,0
DARK (LIGHTED),CLOUDY,DRY,STRAIGHT/HILLCREST,FAILURE TO YIELD RIGHT OF WAY,51.0,0,0
DARK,CLEAR,DRY,STRAIGHT/HILLCREST,ANIMAL/OBJECT IN ROADWAY,94.0,0,0
DAYLIGHT,CLOUDY,DRY,STRAIGHT/HILLCREST,FAILURE TO YIELD RIGHT OF WAY,55.0,0,0
DAYLIGHT,CLOUDY,WET,STRAIGHT/HILLCREST,FAILURE TO YIELD RIGHT OF WAY,91.0,0,0
DARK,BLOWING SAND/SOIL/SNOW,WET,STRAIGHT/HILLCREST,SPEED TOO FAST - WEATHER CONDITIONS,40.0,1,1
DAYLIGHT,CLOUDY,WET,STRAIGHT/HILLCREST,FAILURE TO YIELD RIGHT OF WAY,56.0,0,0
DARK,CLOUDY,WET,STRAIGHT/HILLCREST,ANIMAL/OBJECT IN ROADWAY,65.0,1,1
DAYLIGHT,CLEAR,DRY,STRAIGHT/HILLCREST,FAILURE TO YIELD RIGHT OF WAY,102.0,0,0
DAYLIGHT,CLOUDY,DRY,STRAIGHT/HILLCREST,FAILURE TO YIELD RIGHT OF WAY,55.0,0,0
DARK (LIGHTED),BLOWING,ICE,STRAIGHT/HILLCREST,ROADWAY SURFACE CONDITION,66.0,1,1
DAWN/DUSK,CLEAR,DRY,STRAIGHT/HILLCREST,FAILURE TO YIELD RIGHT OF WAY,72.0,0,0
DARK,CLEAR,DRY,STRAIGHT/HILLCREST,UNSAFE SPEED,88.0,0,0
DAYLIGHT,RAIN,WET,STRAIGHT/HILLCREST,FOLLOWING TOO CLOSELY,57.0,0,0
DAYLIGHT,CLEAR,DRY,STRAIGHT/HILLCREST,FOLLOWING TOO CLOSELY,96.0,0,0
DARK,CLEAR,DRY,NON-ROADWAY CRASH,RAN OFF ROAD RIGHT,107.0,0,0
DAYLIGHT,CLEAR,DRY,STRAIGHT/HILLCREST,LEFT OF CENTER,68.0,0,0
DAYLIGHT,CLOUDY,SNOW/SLUSH,STRAIGHT/HILLCREST,RAN OFF ROAD RIGHT,54.0,0,0
DAYLIGHT,CLEAR,DRY,NON-ROADWAY CRASH,UNSAFE BACKING,113.0,0,0
DAYLIGHT,CLEAR,DRY,CURVE/HILLCREST,FAILURE TO YIELD RIGHT OF WAY,64.0,0,0
DARK,CLEAR,DRY,CURVE/HILLCREST,RAN OFF ROAD RIGHT,63.0,0,0
DARK,CLOUDY,DRY,STRAIGHT/HILLCREST,ANIMAL/OBJECT IN ROADWAY,75.0,0,0
DAWN/DUSK,RAIN,WET,CURVE/HILLCREST,SPEED TOO FAST - WEATHER CONDITIONS,58.0,1,1
DARK,CLEAR,DRY,STRAIGHT/HILLCREST,RAN OFF ROAD RIGHT,75.0,0,0
DAYLIGHT,CLEAR,DRY,STRAIGHT/HILLCREST,UNSAFE LANE MOVEMENT,95.0,0,0
DAWN/DUSK,RAIN,WET,NON-ROADWAY CRASH,OTHER (DRIVER),40.0,0,0
DAYLIGHT,CLEAR,DRY,STRAIGHT/HILLCREST,RAN OFF ROAD RIGHT,67.0,0,0
DAWN/DUSK,CLOUDY,DRY,STRAIGHT/HILLCREST,FAILURE TO YIELD RIGHT OF WAY,55.0,0,0
DAYLIGHT,CLEAR,DRY,STRAIGHT/HILLCREST,FOLLOWING TOO CLOSELY,105.0,0,0
DARK (LIGHTED),SNOW,ICE,STRAIGHT/HILLCREST,OTHER (ENVIRONMENTAL) - EXPLAIN IN NARR,46.0,1,1
DAYLIGHT,CLEAR,DRY,STRAIGHT/HILLCREST,OTHER (DRIVER),103.0,0,0
DAYLIGHT,CLEAR,DRY,NON-ROADWAY CRASH,OVERCORRECTING/OVERSTEERING,107.0,0,0
DAWN/DUSK,RAIN,WET,CURVE/HILLCREST,SPEED TOO FAST - WEATHER CONDITIONS,81.0,1,1
DARK,CLEAR,WET,CURVE/HILLCREST,RAN OFF ROAD RIGHT,120.0,1,1
DAYLIGHT,CLOUDY,DRY,STRAIGHT/HILLCREST,IMPROPER TURNING,97.0,0,0
DARK,CLOUDY,ICE,CURVE/HILLCREST,RAN OFF ROAD RIGHT,69.0,1,1
DAYLIGHT,CLEAR,SNOW/SLUSH,STRAIGHT/HILLCREST,SPEED TOO FAST - WEATHER CONDITIONS,76.0,0,0
DAYLIGHT,CLEAR,SNOW/SLUSH,STRAIGHT/HILLCREST,LEFT OF CENTER,70.0,0,0
DAYLIGHT,CLEAR,DRY,CURVE/HILLCREST,FOLLOWING TOO CLOSELY,78.0,0,0
DAYLIGHT,CLOUDY,DRY,NON-ROADWAY CRASH,OTHER (DRIVER),61.0,0,0
DAYLIGHT,CLEAR,DRY,NON-ROADWAY CRASH,OTHER (DRIVER),91.0,0,0
DAYLIGHT,CLOUDY,DRY,NON-ROADWAY CRASH,UNSAFE BACKING,55.0,0,0
DAYLIGHT,CLEAR,DRY,STRAIGHT/HILLCREST,FAILURE TO YIELD RIGHT OF WAY,115.0,0,0
DARK,CLEAR,DRY,STRAIGHT/HILLCREST,FAILURE TO YIELD RIGHT OF WAY,85.0,0,0
DAYLIGHT,CLOUDY,ICE,STRAIGHT/HILLCREST,SPEED TOO FAST - WEATHER CONDITIONS,66.0,0,0
DAYLIGHT,CLEAR,DRY,STRAIGHT/HILLCREST,FAILURE TO YIELD RIGHT OF WAY,104.0,0,0
DAYLIGHT,CLOUDY,DRY,CURVE/HILLCREST,FAILURE TO YIELD RIGHT OF WAY,90.0,0,0
DAYLIGHT,CLEAR,DRY,STRAIGHT/HILLCREST,FAILURE TO YIELD RIGHT OF WAY,104.0,0,0
DARK,CLEAR,DRY,CURVE/HILLCREST,RAN OFF ROAD RIGHT,116.0,0,0
DAWN/DUSK,RAIN,WET,CURVE/HILLCREST,RAN OFF ROAD RIGHT,58.0,1,1
DAYLIGHT,CLEAR,DRY,STRAIGHT/HILLCREST,OTHER (ENVIRONMENTAL) - EXPLAIN IN NARR,91.0,0,0
DAYLIGHT,CLOUDY,DRY,NON-ROADWAY CRASH,BRAKE FAILURE OR DEFECTIVE,84.0,0,0
DARK (LIGHTED),CLEAR,DRY,NON-ROADWAY CRASH,RAN OFF ROAD RIGHT,106.0,0,0
DAYLIGHT,CLEAR,DRY,CURVE/HILLCREST,LEFT OF CENTER,107.0,0,0
DAYLIGHT,CLEAR,DRY,CURVE/HILLCREST,UNSAFE BACKING,112.0,0,0
DAYLIGHT,CLOUDY,DRY,NON-ROADWAY CRASH,OTHER (DRIVER),92.0,0,0
DARK (LIGHTED),RAIN,WET,STRAIGHT/HILLCREST,FAILURE TO YIELD RIGHT OF WAY,80.0,1,1
DAYLIGHT,CLOUDY,DRY,STRAIGHT/HILLCREST,FAILURE TO YIELD RIGHT OF WAY,80.0,0,0
DARK (LIGHTED),CLEAR,DRY,STRAIGHT/HILLCREST,IMPROPER TURNING,63.0,0,0
DARK,CLEAR,DRY,STRAIGHT/HILLCREST,ANIMAL/OBJECT IN ROADWAY,64.0,0,0
DAYLIGHT,CLEAR,DRY,CURVE/HILLCREST,LEFT OF CENTER,104.0,0,0
DARK,SNOW,SNOW/SLUSH,CURVE/HILLCREST,RAN OFF ROAD RIGHT,64.0,1,1
DAYLIGHT,RAIN,WET,STRAIGHT/HILLCREST,RAN OFF ROAD RIGHT,72.0,0,0
DAYLIGHT,CLOUDY,DRY,NON-ROADWAY CRASH,UNSAFE BACKING,62.0,0,0
DARK (LIGHTED),RAIN,WET,NON-ROADWAY CRASH,UNSAFE BACKING,88.0,1,1
DAYLIGHT,CLEAR,DRY,NON-ROADWAY CRASH,UNSAFE SPEED,61.0,0,0
DAYLIGHT,CLOUDY,DRY,NON-ROADWAY CRASH,UNSAFE BACKING,86.0,0,0
DAYLIGHT,RAIN,WET,NON-ROADWAY CRASH,OTHER (DRIVER),49.0,0,0
DAYLIGHT,CLEAR,DRY,NON-ROADWAY CRASH,OTHER (VEHICLE),109.0,0,0
DAYLIGHT,CLOUDY,WET,NON-ROADWAY CRASH,OTHER (DRIVER),79.0,0,0
DAYLIGHT,CLEAR,DRY,NON-ROADWAY CRASH,UNSAFE BACKING,109.0,0,0
DAYLIGHT,CLOUDY,DRY,NON-ROADWAY CRASH,UNSAFE BACKING,96.0,0,0
DAYLIGHT,CLEAR,DRY,STRAIGHT/HILLCREST,IMPROPER TURNING,72.0,0,0
DARK (LIGHTED),CLEAR,DRY,STRAIGHT/HILLCREST,IMPROPER LANE USAGE,118.0,0,0
DARK (LIGHTED),RAIN,WET,NON-ROADWAY CRASH,FAILURE TO YIELD RIGHT OF WAY,53.0,1,1
DAYLIGHT,CLEAR,DRY,NON-ROADWAY CRASH,UNSAFE BACKING,113.0,0,0
DARK (LIGHTED),CLEAR,DRY,NON-ROADWAY CRASH,DRIVER DISTRACTED,101.0,0,0
DAYLIGHT,CLOUDY,DRY,NON-ROADWAY CRASH,UNSAFE BACKING,70.0,0,0
DAYLIGHT,CLEAR,DRY,NON-ROADWAY CRASH,UNSAFE BACKING,115.0,0,0
DAYLIGHT,CLOUDY,DRY,NON-ROADWAY CRASH,UNSAFE BACKING,91.0,0,0
DAYLIGHT,CLEAR,DRY,NON-ROADWAY CRASH,FAILURE TO YIELD RIGHT OF WAY,82.0,0,0
DAYLIGHT,CLEAR,DRY,NON-ROADWAY CRASH,UNSAFE BACKING,103.0,0,0
DAYLIGHT,CLOUDY,DRY,NON-ROADWAY CRASH,OTHER (DRIVER),64.0,0,0
DAYLIGHT,CLEAR,DRY,NON-ROADWAY CRASH,BRAKE FAILURE OR DEFECTIVE,94.0,0,0
DAYLIGHT,CLEAR,DRY,NON-ROADWAY CRASH,UNSAFE BACKING,90.0,0,0
DAYLIGHT,CLOUDY,DRY,NON-ROADWAY CRASH,UNSAFE BACKING,79.0,0,0
DAYLIGHT,CLEAR,DRY,NON-ROADWAY CRASH,PEDESTRIAN ACTION,78.0,0,0
DARK (LIGHTED),CLEAR,DRY,NON-ROADWAY CRASH,IMPROPER TURNING,100.0,0,0
DAYLIGHT,CLEAR,DRY,NON-ROADWAY CRASH,IMPROPER TURNING,84.0,0,0
DAYLIGHT,RAIN,WET,NON-ROADWAY CRASH,FAILURE TO YIELD RIGHT OF WAY,55.0,0,0
DAYLIGHT,CLEAR,DRY,STRAIGHT/HILLCREST,UNSAFE BACKING,65.0,0,0
DAYLIGHT,RAIN,WET,NON-ROADWAY CRASH,OTHER (DRIVER),90.0,0,0
DAYLIGHT,CLEAR,DRY,NON-ROADWAY CRASH,OTHER (DRIVER),118.0,0,0
DAYLIGHT,CLEAR,DRY,STRAIGHT/HILLCREST,FAILURE TO YIELD RIGHT OF WAY,73.0,0,0
DAYLIGHT,CLEAR,DRY,STRAIGHT/HILLCREST,RAN OFF ROAD RIGHT,77.0,0,0
DAYLIGHT,CLEAR,DRY,STRAIGHT/HILLCREST,LEFT OF CENTER,79.0,0,0
DAWN/DUSK,CLEAR,DRY,STRAIGHT/HILLCREST,FOLLOWING TOO CLOSELY,105.0,0,0
DAYLIGHT,CLEAR,DRY,STRAIGHT/HILLCREST,FAILURE TO YIELD RIGHT OF WAY,119.0,0,0
DAYLIGHT,CLEAR,DRY,STRAIGHT/HILLCREST,RAN OFF ROAD RIGHT,86.0,0,0
DAYLIGHT,CLEAR,DRY,STRAIGHT/HILLCREST,FAILURE TO YIELD RIGHT OF WAY,77.0,0,0
DAYLIGHT,CLEAR,DRY,STRAIGHT/HILLCREST,FAILURE TO YIELD RIGHT OF WAY,103.0,0,0
DAYLIGHT,CLOUDY,DRY,STRAIGHT/HILLCREST,FAILURE TO YIELD RIGHT OF WAY,57.0,0,0
DAYLIGHT,CLEAR,DRY,STRAIGHT/HILLCREST,DISREGARD SIGNAL/REG SIGN,114.0,0,0
DAYLIGHT,CLEAR,DRY,STRAIGHT/HILLCREST,PEDESTRIAN ACTION,93.0,0,0
DAYLIGHT,BLOWING SAND/SOIL/SNOW,SNOW/SLUSH,STRAIGHT/HILLCREST,SPEED TOO FAST - WEATHER CONDITIONS,46.0,0,1
DAYLIGHT,CLEAR,DRY,NON-ROADWAY CRASH,UNSAFE BACKING,67.0,0,0
DAYLIGHT,CLEAR,DRY,CURVE/HILLCREST,FAILURE TO YIELD RIGHT OF WAY,109.0,0,0
DAYLIGHT,CLEAR,DRY,NON-ROADWAY CRASH,UNSAFE BACKING,102.0,0,0
DAWN/DUSK,CLOUDY,WET,STRAIGHT/HILLCREST,UNSAFE BACKING,78.0,0,0
DAYLIGHT,CLEAR,DRY,NON-ROADWAY CRASH,UNSAFE BACKING,116.0,0,0
DARK,CLEAR,DRY,STRAIGHT/HILLCREST,FOLLOWING TOO CLOSELY,113.0,0,0
DAYLIGHT,CLEAR,DRY,STRAIGHT/HILLCREST,FOLLOWING TOO CLOSELY,113.0,0,0
DAYLIGHT,CLEAR,DRY,NON-ROADWAY CRASH,UNSAFE BACKING,108.0,0,0
DAYLIGHT,CLEAR,DRY,NON-ROADWAY CRASH,DRIVER DISTRACTED,101.0,0,0
DARK,CLEAR,DRY,NON-ROADWAY CRASH,RAN OFF ROAD RIGHT,72.0,0,0
DAYLIGHT,CLEAR,DRY,NON-ROADWAY CRASH,UNSAFE BACKING,108.0,0,0
DAYLIGHT,CLEAR,DRY,NON-ROADWAY CRASH,UNSAFE BACKING,84.0,0,0
DAYLIGHT,CLOUDY,DRY,NON-ROADWAY CRASH,UNSAFE BACKING,68.0,0,0
DAYLIGHT,CLEAR,DRY,NON-ROADWAY CRASH,FOLLOWING TOO CLOSELY,115.0,0,0
DAYLIGHT,CLEAR,DRY,NON-ROADWAY CRASH,UNSAFE BACKING,91.0,0,0
DARK,CLOUDY,WET,STRAIGHT/HILLCREST,ANIMAL/OBJECT IN ROADWAY,99.0,1,1
DAYLIGHT,CLEAR,DRY,STRAIGHT/HILLCREST,IMPROPER LANE USAGE,110.0,0,0
DARK,CLEAR,DRY,STRAIGHT/HILLCREST,LEFT OF CENTER,85.0,0,0
DARK,CLEAR,DRY,STRAIGHT/HILLCREST,FOLLOWING TOO CLOSELY,79.0,0,0
DAWN/DUSK,CLEAR,DRY,STRAIGHT/HILLCREST,ANIMAL/OBJECT IN ROADWAY,69.0,0,0
DAYLIGHT,CLEAR,DRY,CURVE/HILLCREST,FAILURE TO YIELD RIGHT OF WAY,80.0,0,0
DAYLIGHT,CLEAR,DRY,STRAIGHT/HILLCREST,FAILURE TO YIELD RIGHT OF WAY,69.0,0,0
DAWN/DUSK,CLEAR,DRY,STRAIGHT/HILLCREST,FAILURE TO YIELD RIGHT OF WAY,75.0,0,0
DAWN/DUSK,CLEAR,SNOW/SLUSH,STRAIGHT/HILLCREST,FAILURE TO YIELD RIGHT OF WAY,70.0,0,0
DARK (LIGHTED),CLOUDY,DRY,STRAIGHT/HILLCREST,UNSAFE BACKING,65.0,0,0
DAYLIGHT,CLEAR,DRY,STRAIGHT/HILLCREST,IMPROPER PASSING,112.0,0,0
DARK,SNOW,ICE,CURVE/HILLCREST,ROADWAY SURFACE CONDITION,43.0,1,1
DAYLIGHT,CLEAR,DRY,CURVE/HILLCREST,UNSAFE SPEED,118.0,0,0
DARK,CLOUDY,WET,CURVE/HILLCREST,SPEED TOO FAST - WEATHER CONDITIONS,51.0,1,1
DAYLIGHT,SNOW,SNOW/SLUSH,CURVE/HILLCREST,RAN OFF ROAD RIGHT,38.0,1,1
DAYLIGHT,CLEAR,DRY,STRAIGHT/HILLCREST,ANIMAL/OBJECT IN ROADWAY,85.0,0,0
DAYLIGHT,CLEAR,DRY,NON-ROADWAY CRASH,BRAKE FAILURE OR DEFECTIVE,102.0,0,0
DAYLIGHT,CLEAR,DRY,NON-ROADWAY CRASH,UNSAFE BACKING,67.0,0,0
DAYLIGHT,RAIN,WET,CURVE/HILLCREST,FAILURE TO YIELD RIGHT OF WAY,41.0,1,0
DARK,CLEAR,DRY,NON-ROADWAY CRASH,RAN OFF ROAD RIGHT,107.0,0,0
DAYLIGHT,CLEAR,DRY,STRAIGHT/HILLCREST,LEFT OF CENTER,98.0,0,0
DARK,CLEAR,DRY,STRAIGHT/HILLCREST,ANIMAL/OBJECT IN ROADWAY,77.0,0,0
DAYLIGHT,CLEAR,DRY,STRAIGHT/HILLCREST,FOLLOWING TOO CLOSELY,94.0,0,0
DAYLIGHT,CLEAR,DRY,NON-ROADWAY CRASH,UNSAFE BACKING,92.0,0,0
DAYLIGHT,CLEAR,DRY,STRAIGHT/HILLCREST,IMPROPER TURNING,91.0,0,0
DAWN/DUSK,CLEAR,DRY,STRAIGHT/HILLCREST,UNSAFE BACKING,70.0,0,0
DAYLIGHT,CLOUDY,DRY,STRAIGHT/HILLCREST,FAILURE TO YIELD RIGHT OF WAY,58.0,0,0
DARK,CLEAR,DRY,NON-ROADWAY CRASH,OTHER (DRIVER),66.0,0,0
DAYLIGHT,CLEAR,DRY,NON-ROADWAY CRASH,OTHER (VEHICLE),82.0,0,0
DAYLIGHT,RAIN,WET,STRAIGHT/HILLCREST,ROADWAY SURFACE CONDITION,70.0,0,0
DAYLIGHT,RAIN,WET,STRAIGHT/HILLCREST,SPEED TOO FAST - WEATHER,59.0,0,0
DAYLIGHT,CLEAR,SNOW/SLUSH,STRAIGHT/HILLCREST,SPEED TOO FAST - WEATHER,73.0,0,0
DARK,CLEAR,WET,CURVE/HILLCREST,RAN OFF ROAD RIGHT,91.0,1,1
DARK,CLEAR,DRY,STRAIGHT/HILLCREST,ANIMAL/OBJECT IN ROADWAY,100.0,0,0
DAYLIGHT,CLOUDY,DRY,STRAIGHT/HILLCREST,FOLLOWING TOO CLOSELY,90.0,0,0
DARK,RAIN,WET,STRAIGHT/HILLCREST,SPEED TOO FAST - WEATHER CONDITIONS,67.0,1,1
DAYLIGHT,RAIN,WET,CURVE/HILLCREST,SPEED TOO FAST - WEATHER CONDITIONS,86.0,1,1
DAWN/DUSK,CLOUDY,SNOW/SLUSH,STRAIGHT/HILLCREST,ROADWAY SURFACE CONDITION,100.0,0,0
DAYLIGHT,CLEAR,DRY,STRAIGHT/HILLCREST,OTHER (DRIVER),91.0,0,0
DAYLIGHT,CLEAR,DRY,NON-ROADWAY CRASH,UNSAFE BACKING,80.0,0,0
DAYLIGHT,CLEAR,DRY,NON-ROADWAY CRASH,UNSAFE BACKING,68.0,0,0
DAYLIGHT,CLOUDY,DRY,STRAIGHT/HILLCREST,UNSAFE BACKING,55.0,0,0
DARK (LIGHTED),BLOWING SAND/SOIL/SNOW,SNOW/SLUSH,STRAIGHT/HILLCREST,UNSAFE BACKING,53.0,1,1
DAYLIGHT,RAIN,WET,STRAIGHT/HILLCREST,UNSAFE BACKING,73.0,0,0
DAYLIGHT,CLEAR,DRY,STRAIGHT/HILLCREST,FAILURE TO YIELD RIGHT OF WAY,91.0,0,0
DAYLIGHT,CLEAR,DRY,NON-ROADWAY CRASH,UNSAFE BACKING,82.0,0,0
DARK (LIGHTED),RAIN,WET,NON-ROADWAY CRASH,UNSAFE BACKING,40.0,1,1
DARK,CLEAR,DRY,NON-ROADWAY CRASH,RAN OFF ROAD RIGHT,118.0,0,0
DAYLIGHT,CLOUDY,DRY,NON-ROADWAY CRASH,OTHER (DRIVER),60.0,0,0
DAYLIGHT,CLEAR,DRY,STRAIGHT/HILLCREST,DRIVER ILLNESS,88.0,0,0
DAYLIGHT,CLOUDY,DRY,CURVE/HILLCREST,UNSAFE SPEED,59.0,0,0
DAYLIGHT,CLEAR,DRY,NON-ROADWAY CRASH,UNSAFE BACKING,118.0,0,0
DAYLIGHT,CLEAR,DRY,STRAIGHT/HILLCREST,RAN OFF ROAD RIGHT,92.0,0,0
DAYLIGHT,CLEAR,MUDDY,NON-ROADWAY CRASH,IMPROPER TURNING,112.0,0,0
DAYLIGHT,CLEAR,DRY,NON-ROADWAY CRASH,DRIVER DISTRACTED,89.0,0,0
DAYLIGHT,CLEAR,DRY,STRAIGHT/HILLCREST,LEFT OF CENTER,69.0,0,0
DAYLIGHT,CLEAR,DRY,STRAIGHT/HILLCREST,LEFT OF CENTER,86.0,0,0
DAYLIGHT,SNOW,SNOW/SLUSH,STRAIGHT/HILLCREST,RAN OFF ROAD RIGHT,41.0,1,1
DAYLIGHT,RAIN,WET,STRAIGHT/HILLCREST,FAILURE TO YIELD RIGHT OF WAY,63.0,0,0
DAWN/DUSK,CLEAR,DRY,STRAIGHT/HILLCREST,CELL PHONE USAGE,76.0,0,0
DARK,CLEAR,WET,STRAIGHT/HILLCREST,RAN OFF ROAD RIGHT,93.0,0,0
DARK (LIGHTED),CLEAR,DRY,NON-ROADWAY CRASH,UNSAFE SPEED,109.0,0,0
DAYLIGHT,CLEAR,DRY,NON-ROADWAY CRASH,OTHER (DRIVER),114.0,0,0
DAYLIGHT,CLOUDY,DRY,NON-ROADWAY CRASH,UNSAFE BACKING,95.0,0,0
DAYLIGHT,CLEAR,DRY,NON-ROADWAY CRASH,UNSAFE BACKING,96.0,0,0
DARK,CLEAR,DRY,STRAIGHT/HILLCREST,ANIMAL/OBJECT IN ROADWAY,82.0,0,0
DARK (LIGHTED),CLEAR,DRY,NON-ROADWAY CRASH,UNSAFE BACKING,79.0,0,0
DAYLIGHT,CLEAR,DRY,STRAIGHT/HILLCREST,OTHER (DRIVER),60.0,0,0
DAYLIGHT,CLEAR,DRY,STRAIGHT/HILLCREST,FAILURE TO YIELD RIGHT OF WAY,65.0,0,0
DAYLIGHT,CLOUDY,DRY,STRAIGHT/HILLCREST,RAN OFF ROAD RIGHT,74.0,0,0
DAYLIGHT,CLEAR,DRY,NON-ROADWAY CRASH,OTHER (VEHICLE),89.0,0,0
DAYLIGHT,CLOUDY,DRY,STRAIGHT/HILLCREST,UNSAFE BACKING,76.0,0,0
DAYLIGHT,CLEAR,ICE,STRAIGHT/HILLCREST,RAN OFF ROAD RIGHT,61.0,0,0
DAYLIGHT,CLEAR,DRY,STRAIGHT/HILLCREST,RAN OFF ROAD RIGHT,110.0,0,0
DARK,CLEAR,DRY,CURVE/HILLCREST,DRIVER ASLEEP OR FATIGUED,70.0,0,0
DAYLIGHT,CLOUDY,DRY,NON-ROADWAY CRASH,OTHER (DRIVER),76.0,0,0
DAYLIGHT,CLEAR,DRY,STRAIGHT/HILLCREST,FOLLOWING TOO CLOSELY,94.0,0,0
DARK (LIGHTED),CLEAR,DRY,NON-ROADWAY CRASH,BRAKE FAILURE OR DEFECTIVE,114.0,0,0
DAYLIGHT,CLEAR,DRY,STRAIGHT/HILLCREST,OVERCORRECTING/OVERSTEERING,80.0,0,0
DAYLIGHT,CLOUDY,DRY,STRAIGHT/HILLCREST,ANIMAL/OBJECT IN ROADWAY,82.0,0,0
DAYLIGHT,CLEAR,DRY,STRAIGHT/HILLCREST,FAILURE TO YIELD RIGHT OF WAY,118.0,0,0
DARK,CLEAR,WET,STRAIGHT/HILLCREST,ANIMAL/OBJECT IN ROADWAY,85.0,0,0
DAYLIGHT,CLEAR,DRY,CURVE/HILLCREST,ANIMAL/OBJECT IN ROADWAY,110.0,0,0
DAYLIGHT,CLOUDY,WET,STRAIGHT/HILLCREST,UNSAFE SPEED,57.0,0,0
DARK,CLEAR,DRY,STRAIGHT/HILLCREST,OTHER (VEHICLE),83.0,0,0
DARK,CLOUDY,DRY,STRAIGHT/HILLCREST,RAN OFF ROAD RIGHT,53.0,0,0
DAYLIGHT,CLEAR,DRY,STRAIGHT/HILLCREST,FAILURE TO YIELD RIGHT OF WAY,95.0,0,0
DARK,CLEAR,DRY,STRAIGHT/HILLCREST,FAILURE TO YIELD RIGHT OF WAY,64.0,0,0
DAYLIGHT,CLOUDY,SNOW/SLUSH,STRAIGHT/HILLCREST,ROADWAY SURFACE CONDITION,50.0,0,0
DAYLIGHT,SNOW,SNOW/SLUSH,STRAIGHT/HILLCREST,LEFT OF CENTER,46.0,1,1
DARK,CLEAR,DRY,NON-ROADWAY CRASH,UNSAFE BACKING,62.0,0,0
DAYLIGHT,CLEAR,DRY,STRAIGHT/HILLCREST,FAILURE TO YIELD RIGHT OF WAY,96.0,0,0
DARK,CLEAR,DRY,STRAIGHT/HILLCREST,RAN OFF ROAD RIGHT,110.0,0,0
DAYLIGHT,CLOUDY,DRY,STRAIGHT/HILLCREST,LEFT OF CENTER,75.0,0,0
DARK,CLEAR,DRY,STRAIGHT/HILLCREST,UNSAFE SPEED,72.0,0,0
DAYLIGHT,CLEAR,DRY,STRAIGHT/HILLCREST,OTHER (DRIVER),95.0,0,0
DAYLIGHT,RAIN,SNOW/SLUSH,STRAIGHT/HILLCREST,OVERCORRECTING/OVERSTEERING,42.0,1,1
DAYLIGHT,CLOUDY,WET,STRAIGHT/HILLCREST,UNSAFE SPEED,88.0,0,0
DARK,SNOW,SNOW/SLUSH,STRAIGHT/HILLCREST,RAN OFF ROAD RIGHT,34.0,1,1
DARK,CLEAR,DRY,STRAIGHT/HILLCREST,ANIMAL/OBJECT IN ROADWAY,65.0,0,0
DARK,CLEAR,DRY,STRAIGHT/HILLCREST,RAN OFF ROAD RIGHT,95.0,0,0
DAYLIGHT,CLEAR,DRY,STRAIGHT/HILLCREST,OTHER (VEHICLE),62.0,0,0
DAYLIGHT,RAIN,WET,STRAIGHT/HILLCREST,FAILURE TO YIELD RIGHT OF WAY,81.0,0,0
DAYLIGHT,CLOUDY,DRY,STRAIGHT/HILLCREST,OTHER (DRIVER),53.0,0,0
DAYLIGHT,CLEAR,DRY,NON-ROADWAY CRASH,UNSAFE BACKING,87.0,0,0
DAYLIGHT,CLEAR,DRY,STRAIGHT/HILLCREST,IMPROPER LANE USAGE,110.0,0,0
DAYLIGHT,CLEAR,DRY,STRAIGHT/HILLCREST,FOLLOWING TOO CLOSELY,94.0,0,0
DAYLIGHT,CLEAR,DRY,NON-ROADWAY CRASH,UNSAFE BACKING,71.0,0,0
DARK,CLEAR,DRY,STRAIGHT/HILLCREST,FOLLOWING TOO CLOSELY,96.0,0,0
DAYLIGHT,CLEAR,DRY,STRAIGHT/HILLCREST,FOLLOWING TOO CLOSELY,84.0,0,0
DAYLIGHT,CLOUDY,DRY,STRAIGHT/HILLCREST,FOLLOWING TOO CLOSELY,95.0,0,0
DARK,RAIN,WET,STRAIGHT/HILLCREST,DISREGARD SIGNAL/REG SIGN,78.0,1,1
DARK,CLEAR,DRY,STRAIGHT/HILLCREST,ANIMAL/OBJECT IN ROADWAY,86.0,0,0
DARK (LIGHTED),CLOUDY,DRY,STRAIGHT/HILLCREST,RAN OFF ROAD RIGHT,97.0,0,0
DAYLIGHT,CLEAR,DRY,STRAIGHT/HILLCREST,FAILURE TO YIELD RIGHT OF WAY,94.0,0,0
DARK,CLOUDY,DRY,STRAIGHT/HILLCREST,ANIMAL/OBJECT IN ROADWAY,62.0,0,0
DAYLIGHT,RAIN,WET,STRAIGHT/HILLCREST,FAILURE TO YIELD RIGHT OF WAY,47.0,0,0
DAYLIGHT,CLEAR,DRY,STRAIGHT/HILLCREST,BRAKE FAILURE OR DEFECTIVE,87.0,0,0
DAYLIGHT,RAIN,WET,STRAIGHT/HILLCREST,FOLLOWING TOO CLOSELY,51.0,0,0
DAYLIGHT,CLOUDY,DRY,STRAIGHT/HILLCREST,UNSAFE BACKING,73.0,0,0
DARK (LIGHTED),CLEAR,DRY,STRAIGHT/HILLCREST,OTHER (DRIVER),96.0,0,0
DAYLIGHT,RAIN,WET,STRAIGHT/HILLCREST,FOLLOWING TOO CLOSELY,41.0,0,0
DAYLIGHT,RAIN,WET,STRAIGHT/HILLCREST,SPEED TOO FAST - WEATHER CONDITIONS,76.0,0,0
DAYLIGHT,CLEAR,DRY,STRAIGHT/HILLCREST,ANIMAL/OBJECT IN ROADWAY,99.0,0,0
DAYLIGHT,CLOUDY,DRY,STRAIGHT/HILLCREST,ANIMAL/OBJECT IN ROADWAY,74.0,0,0
DAYLIGHT,CLOUDY,DRY,STRAIGHT/HILLCREST,FOLLOWING TOO CLOSELY,53.0,0,0
DARK,CLOUDY,WET,STRAIGHT/HILLCREST,RAN OFF ROAD RIGHT,56.0,1,1
DAYLIGHT,CLOUDY,WET,STRAIGHT/HILLCREST,ROADWAY SURFACE CONDITION,85.0,0,0
DARK,CLEAR,DRY,NON-ROADWAY CRASH,UNSAFE BACKING,93.0,0,0
DAYLIGHT,CLEAR,SNOW/SLUSH,CURVE/HILLCREST,RAN OFF ROAD RIGHT,100.0,0,0
DARK (LIGHTED),CLEAR,DRY,STRAIGHT/HILLCREST,FAILURE TO YIELD RIGHT OF WAY,75.0,0,0
DAYLIGHT,CLEAR,DRY,STRAIGHT/HILLCREST,FAILURE TO YIELD RIGHT OF WAY,107.0,0,0
DARK,CLEAR,DRY,STRAIGHT/HILLCREST,RAN OFF ROAD RIGHT,63.0,0,0
DARK,CLEAR,DRY,STRAIGHT/HILLCREST,ANIMAL/OBJECT IN ROADWAY,78.0,0,0
DARK,CLOUDY,DRY,STRAIGHT/HILLCREST,ANIMAL/OBJECT IN ROADWAY,66.0,0,0
DAWN/DUSK,CLOUDY,ICE,STRAIGHT/HILLCREST,SPEED TOO FAST - WEATHER,70.0,1,1
DAYLIGHT,SLEET/HAIL/FREEZING,ICE,CURVE/HILLCREST,RAN OFF ROAD RIGHT,49.0,1,1
DAYLIGHT,CLEAR,DRY,NON-ROADWAY CRASH,UNSAFE BACKING,64.0,0,0
DAYLIGHT,CLEAR,DRY,STRAIGHT/HILLCREST,LEFT OF CENTER,82.0,0,0
DARK,CLOUDY,DRY,STRAIGHT/HILLCREST,LEFT OF CENTER,58.0,0,0
DAYLIGHT,CLOUDY,ICE,STRAIGHT/HILLCREST,ROADWAY SURFACE CONDITION,64.0,0,0
DARK,CLEAR,DRY,CURVE/HILLCREST,RAN OFF ROAD RIGHT,69.0,0,0
DAYLIGHT,CLOUDY,DRY,STRAIGHT/HILLCREST,IMPROPER TURNING,59.0,0,0
DAYLIGHT,CLEAR,DRY,NON-ROADWAY CRASH,UNSAFE BACKING,87.0,0,0
DAYLIGHT,CLEAR,DRY,NON-ROADWAY CRASH,OTHER (DRIVER),75.0,0,0
DAYLIGHT,CLEAR,DRY,NON-ROADWAY CRASH,FOLLOWING TOO CLOSELY,85.0,0,0
DAYLIGHT,CLEAR,DRY,NON-ROADWAY CRASH,UNSAFE BACKING,98.0,0,0
DARK,RAIN,WET,NON-ROADWAY CRASH,UNSAFE SPEED,50.0,1,1
DAYLIGHT,CLEAR,DRY,STRAIGHT/HILLCREST,LEFT OF CENTER,106.0,0,0
DARK (LIGHTED),CLEAR,DRY,NON-ROADWAY CRASH,IMPROPER TURNING,87.0,0,0
DAYLIGHT,CLEAR,DRY,STRAIGHT/HILLCREST,UNSAFE LANE MOVEMENT,65.0,0,0
DARK,RAIN,WET,NON-ROADWAY CRASH,UNSAFE BACKING,84.0,1,1
DAYLIGHT,CLEAR,DRY,STRAIGHT/HILLCREST,FOLLOWING TOO CLOSELY,115.0,0,0
DAYLIGHT,RAIN,WET,CURVE/HILLCREST,OTHER (DRIVER),88.0,1,1
DARK,CLOUDY,WET,CURVE/HILLCREST,RAN OFF ROAD RIGHT,77.0,1,1
DAYLIGHT,SNOW,SNOW/SLUSH,STRAIGHT/HILLCREST,FAILURE TO YIELD RIGHT OF WAY,54.0,1,1
DAYLIGHT,CLOUDY,DRY,NON-ROADWAY CRASH,UNSAFE BACKING,89.0,0,0
DAYLIGHT,CLEAR,DRY,NON-ROADWAY CRASH,OTHER (DRIVER),116.0,0,0
DARK,CLEAR,DRY,STRAIGHT/HILLCREST,RAN OFF ROAD RIGHT,116.0,0,0
DAYLIGHT,CLEAR,DRY,STRAIGHT/HILLCREST,FOLLOWING TOO CLOSELY,65.0,0,0
DAYLIGHT,CLOUDY,DRY,STRAIGHT/HILLCREST,FOLLOWING TOO CLOSELY,77.0,0,0
DAYLIGHT,CLOUDY,DRY,STRAIGHT/HILLCREST,FAILURE TO YIELD RIGHT OF WAY,68.0,0,0
DAYLIGHT,CLEAR,DRY,STRAIGHT/HILLCREST,UNSAFE SPEED,86.0,0,0
DAYLIGHT,RAIN,WET,STRAIGHT/HILLCREST,FOLLOWING TOO CLOSELY,81.0,0,0
DAYLIGHT,CLEAR,DRY,CURVE/HILLCREST,RAN OFF ROAD RIGHT,98.0,0,0
DAYLIGHT,RAIN,WET,NON-ROADWAY CRASH,IMPROPER TURNING,42.0,0,0
DAYLIGHT,RAIN,WET,NON-ROADWAY CRASH,UNSAFE BACKING,64.0,0,0
DAYLIGHT,CLEAR,DRY,NON-ROADWAY CRASH,UNSAFE BACKING,84.0,0,0
DAYLIGHT,CLEAR,DRY,NON-ROADWAY CRASH,UNSAFE BACKING,111.0,0,0
DARK,RAIN,WET,NON-ROADWAY CRASH,UNSAFE BACKING,59.0,1,1
DAYLIGHT,CLEAR,DRY,NON-ROADWAY CRASH,IMPROPER TURNING,71.0,0,0
DAYLIGHT,CLOUDY,DRY,STRAIGHT/HILLCREST,IMPROPER TURNING,93.0,0,0
DAYLIGHT,CLEAR,DRY,STRAIGHT/HILLCREST,FOLLOWING TOO CLOSELY,77.0,0,0
DAYLIGHT,CLEAR,DRY,STRAIGHT/HILLCREST,OTHER (ENVIRONMENTAL) - EXPLAIN IN NARR,112.0,0,0
DARK,CLEAR,DRY,NON-ROADWAY CRASH,UNSAFE BACKING,120.0,0,0
DARK,CLEAR,DRY,STRAIGHT/HILLCREST,ANIMAL/OBJECT IN ROADWAY,65.0,0,0
DAYLIGHT,CLEAR,DRY,STRAIGHT/HILLCREST,LEFT OF CENTER,116.0,0,0
DAYLIGHT,CLEAR,DRY,STRAIGHT/HILLCREST,OTHER (VEHICLE),119.0,0,0
DAYLIGHT,CLOUDY,DRY,NON-ROADWAY CRASH,OTHER (DRIVER),54.0,0,0
DAYLIGHT,CLEAR,DRY,NON-ROADWAY CRASH,OTHER (DRIVER),113.0,0,0
DAYLIGHT,CLEAR,DRY,NON-ROADWAY CRASH,IMPROPER TURNING,96.0,0,0
DAYLIGHT,CLEAR,DRY,STRAIGHT/HILLCREST,FAILURE TO YIELD RIGHT OF WAY,80.0,0,0
DARK (LIGHTED),BLOWING SAND/SOIL/SNOW,ICE,STRAIGHT/HILLCREST,SPEED TOO FAST - WEATHER CONDITIONS,43.0,1,1
DARK,RAIN,WET,STRAIGHT/HILLCREST,RAN OFF ROAD RIGHT,46.0,1,1
DARK (LIGHTED),CLEAR,DRY,NON-ROADWAY CRASH,OTHER (DRIVER),72.0,0,0
DARK,CLEAR,DRY,STRAIGHT/HILLCREST,FAILURE TO YIELD RIGHT OF WAY,112.0,0,0
DAYLIGHT,CLOUDY,DRY,STRAIGHT/HILLCREST,LEFT OF CENTER,86.0,0,0
DAYLIGHT,CLEAR,DRY,CURVE/HILLCREST,RAN OFF ROAD RIGHT,79.0,0,0
DAYLIGHT,CLEAR,DRY,STRAIGHT/HILLCREST,FOLLOWING TOO CLOSELY,63.0,0,0
DAYLIGHT,CLEAR,DRY,STRAIGHT/HILLCREST,LEFT OF CENTER,85.0,0,0
DARK,RAIN,WET,STRAIGHT/HILLCREST,RAN OFF ROAD RIGHT,76.0,1,1
DAYLIGHT,CLEAR,DRY,STRAIGHT/HILLCREST,FOLLOWING TOO CLOSELY,99.0,0,0
DAYLIGHT,RAIN,WET,STRAIGHT/HILLCREST,SPEED TOO FAST - WEATHER CONDITIONS,56.0,0,0
DAYLIGHT,CLOUDY,DRY,STRAIGHT/HILLCREST,FAILURE TO YIELD RIGHT OF WAY,55.0,0,0
DARK (LIGHTED),CLEAR,DRY,STRAIGHT/HILLCREST,OTHER (VEHICLE),116.0,0,0
DAYLIGHT,CLEAR,DRY,NON-ROADWAY CRASH,UNSAFE BACKING,113.0,0,0
DAYLIGHT,CLEAR,DRY,NON-ROADWAY CRASH,UNSAFE BACKING,102.0,0,0
DARK (LIGHTED),CLEAR,DRY,NON-ROADWAY CRASH,FAILURE TO YIELD RIGHT OF WAY,117.0,0,0
DAYLIGHT,CLEAR,DRY,NON-ROADWAY CRASH,OTHER (DRIVER),93.0,0,0
DAYLIGHT,CLOUDY,DRY,NON-ROADWAY CRASH,UNSAFE BACKING,90.0,0,0
DAYLIGHT,CLEAR,DRY,NON-ROADWAY CRASH,UNSAFE BACKING,73.0,0,0
DAYLIGHT,CLOUDY,DRY,NON-ROADWAY CRASH,UNSAFE BACKING,71.0,0,0
DARK (LIGHTED),CLOUDY,DRY,NON-ROADWAY CRASH,UNSAFE BACKING,69.0,0,0
DAYLIGHT,CLOUDY,WET,NON-ROADWAY CRASH,UNSAFE BACKING,99.0,0,0
DAYLIGHT,CLEAR,DRY,NON-ROADWAY CRASH,UNSAFE BACKING,112.0,0,0
DAYLIGHT,CLEAR,DRY,NON-ROADWAY CRASH,UNSAFE BACKING,101.0,0,0
DAYLIGHT,CLOUDY,DRY,STRAIGHT/HILLCREST,FOLLOWING TOO CLOSELY,60.0,0,0
DAYLIGHT,CLOUDY,DRY,NON-ROADWAY CRASH,UNSAFE BACKING,99.0,0,0
DAYLIGHT,CLOUDY,WET,NON-ROADWAY CRASH,UNSAFE BACKING,83.0,0,0
DAYLIGHT,CLOUDY,DRY,NON-ROADWAY CRASH,OTHER (DRIVER),88.0,0,0
DAYLIGHT,CLEAR,DRY,CURVE/HILLCREST,UNSAFE LANE MOVEMENT,113.0,0,0
DAYLIGHT,CLEAR,DRY,CURVE/HILLCREST,RAN OFF ROAD RIGHT,105.0,0,0
DAYLIGHT,RAIN,WET,STRAIGHT/HILLCREST,FOLLOWING TOO CLOSELY,77.0,0,0
DAYLIGHT,CLOUDY,WET,STRAIGHT/HILLCREST,FOLLOWING TOO CLOSELY,74.0,0,0
DAYLIGHT,CLEAR,DRY,NON-ROADWAY CRASH,UNSAFE BACKING,88.0,0,0
DAYLIGHT,CLEAR,DRY,STRAIGHT/HILLCREST,ENGINE FAILURE OR DEFECTIVE,63.0,0,0
DARK,RAIN,WET,STRAIGHT/HILLCREST,ANIMAL/OBJECT IN ROADWAY,82.0,1,1
DARK,CLEAR,DRY,STRAIGHT/HILLCREST,RAN OFF ROAD RIGHT,99.0,0,0
DAYLIGHT,CLOUDY,DRY,NON-ROADWAY CRASH,FAILURE TO YIELD RIGHT OF WAY,95.0,0,0
DARK,FOG/SMOKE,DRY,CURVE/HILLCREST,RAN OFF ROAD RIGHT,25.0,1,1
DAYLIGHT,CLEAR,DRY,CURVE/HILLCREST,OVERCORRECTING/OVERSTEERING,63.0,0,0
DARK,CLEAR,DRY,STRAIGHT/HILLCREST,ANIMAL/OBJECT IN ROADWAY,106.0,0,0
DAYLIGHT,CLEAR,WET,STRAIGHT/HILLCREST,LEFT OF CENTER,107.0,0,0
DARK,CLEAR,DRY,STRAIGHT/HILLCREST,RAN OFF ROAD RIGHT,102.0,0,0
DAYLIGHT,RAIN,WET,NON-ROADWAY CRASH,IMPROPER LANE USAGE,77.0,0,0
DARK (LIGHTED),CLEAR,DRY,STRAIGHT/HILLCREST,UNSAFE BACKING,86.0,0,0
DAYLIGHT,CLEAR,DRY,NON-ROADWAY CRASH,OTHER (DRIVER),107.0,0,0
DAWN/DUSK,CLEAR,DRY,STRAIGHT/HILLCREST,LEFT OF CENTER,110.0,0,0
DARK,RAIN,WET,STRAIGHT/HILLCREST,UNSAFE SPEED,82.0,1,1
DAYLIGHT,CLEAR,DRY,STRAIGHT/HILLCREST,RAN OFF ROAD RIGHT,70.0,0,0
DAYLIGHT,CLEAR,SNOW/SLUSH,STRAIGHT/HILLCREST,RAN OFF ROAD RIGHT,89.0,0,0
DAYLIGHT,CLEAR,DRY,STRAIGHT/HILLCREST,LEFT OF CENTER,70.0,0,0
DAYLIGHT,CLEAR,DRY,STRAIGHT/HILLCREST,LEFT OF CENTER,89.0,0,0
DAYLIGHT,CLOUDY,DRY,STRAIGHT/HILLCREST,IMPROPER LANE USAGE,54.0,0,0
DAYLIGHT,CLEAR,DRY,NON-ROADWAY CRASH,UNSAFE LANE MOVEMENT,105.0,0,0
DARK,CLEAR,DRY,STRAIGHT/HILLCREST,FAILURE TO YIELD RIGHT OF WAY,78.0,0,0
DAYLIGHT,CLOUDY,WET,CURVE/HILLCREST,LEFT OF CENTER,88.0,0,0
DARK (LIGHTED),CLOUDY,DRY,STRAIGHT/HILLCREST,RAN OFF ROAD RIGHT,77.0,0,0
DAYLIGHT,CLEAR,DRY,STRAIGHT/HILLCREST,UNSAFE SPEED,98.0,0,0
DAYLIGHT,CLEAR,DRY,STRAIGHT/HILLCREST,BRAKE FAILURE OR DEFECTIVE,82.0,0,0
DAYLIGHT,CLEAR,DRY,STRAIGHT/HILLCREST,RAN OFF ROAD RIGHT,105.0,0,0
DAYLIGHT,CLEAR,DRY,STRAIGHT/HILLCREST,FOLLOWING TOO CLOSELY,90.0,0,0
DARK (LIGHTED),CLEAR,WET,STRAIGHT/HILLCREST,FOLLOWING TOO CLOSELY,112.0,0,0
DAYLIGHT,CLEAR,DRY,STRAIGHT/HILLCREST,LEFT OF CENTER,115.0,0,0
DAYLIGHT,CLEAR,DRY,STRAIGHT/HILLCREST,FOLLOWING TOO CLOSELY,94.0,0,0
DAYLIGHT,CLEAR,DRY,STRAIGHT/HILLCREST,DRIVER ASLEEP OR FATIGUED,111.0,0,0
DAYLIGHT,CLEAR,DRY,STRAIGHT/HILLCREST,FOLLOWING TOO CLOSELY,67.0,0,0
DAYLIGHT,CLEAR,DRY,STRAIGHT/HILLCREST,OVERCORRECTING/OVERSTEERING,104.0,0,0
DAYLIGHT,CLEAR,DRY,NON-ROADWAY CRASH,OTHER (DRIVER),71.0,0,0
DAYLIGHT,SNOW,SNOW/SLUSH,CURVE/HILLCREST,RAN OFF ROAD RIGHT,30.0,1,1
DARK,CLEAR,DRY,STRAIGHT/HILLCREST,ANIMAL/OBJECT IN ROADWAY,104.0,0,0
DAYLIGHT,CLEAR,DRY,STRAIGHT/HILLCREST,UNSAFE BACKING,118.0,0,0
DARK,SNOW,ICE,STRAIGHT/HILLCREST,ROADWAY SURFACE CONDITION,36.0,1,1
DAYLIGHT,CLEAR,DRY,CURVE/HILLCREST,OBSTRUCTION NOT MARKED,71.0,0,0
DAYLIGHT,SLEET/HAIL/FREEZING,ICE,CURVE/HILLCREST,RAN OFF ROAD RIGHT,44.0,1,1
DAYLIGHT,CLEAR,DRY,NON-ROADWAY CRASH,VIEW OBSTRUCTED,107.0,0,0
DAYLIGHT,RAIN,WET,NON-ROADWAY CRASH,OTHER (DRIVER),41.0,0,0
DAYLIGHT,CLOUDY,DRY,NON-ROADWAY CRASH,OTHER (DRIVER),67.0,0,0
DAYLIGHT,BLOWING SAND/SOIL/SNOW,SNOW/SLUSH,NON-ROADWAY CRASH,UNSAFE BACKING,40.0,0,0
DARK,CLEAR,WET,CURVE/HILLCREST,RAN OFF ROAD RIGHT,113.0,1,1
DARK (LIGHTED),CLEAR,DRY,NON-ROADWAY CRASH,FAILURE TO YIELD RIGHT OF WAY,99.0,0,0
DARK (LIGHTED),CLOUDY,WET,NON-ROADWAY CRASH,UNSAFE SPEED,90.0,0,0
DAYLIGHT,RAIN,WET,NON-ROADWAY CRASH,IMPROPER TURNING,54.0,0,0
DAYLIGHT,RAIN,WET,NON-ROADWAY CRASH,DRIVER DISTRACTED,75.0,0,0
DARK,CLEAR,DRY,CURVE/HILLCREST,ANIMAL/OBJECT IN ROADWAY,101.0,0,0
DARK,CLEAR,DRY,STRAIGHT/HILLCREST,RAN OFF ROAD RIGHT,106.0,0,0
DAYLIGHT,CLEAR,DRY,CURVE/HILLCREST,LEFT OF CENTER,71.0,0,0
DAYLIGHT,CLEAR,DRY,STRAIGHT/HILLCREST,ANIMAL/OBJECT IN ROADWAY,67.0,0,0
DAYLIGHT,CLEAR,DRY,STRAIGHT/HILLCREST,FAILURE TO YIELD RIGHT OF WAY,92.0,0,0
DAYLIGHT,CLEAR,DRY,STRAIGHT/HILLCREST,FAILURE TO YIELD RIGHT OF WAY,117.0,0,0
DARK,RAIN,WET,STRAIGHT/HILLCREST,FAILURE TO YIELD RIGHT OF WAY,84.0,1,1
DAYLIGHT,CLEAR,DRY,CURVE/HILLCREST,FOLLOWING TOO CLOSELY,87.0,0,0
DAYLIGHT,CLEAR,DRY,STRAIGHT/HILLCREST,FOLLOWING TOO CLOSELY,83.0,0,0
DARK,CLEAR,DRY,STRAIGHT/HILLCREST,ANIMAL/OBJECT IN ROADWAY,98.0,0,0
DARK (LIGHTED),CLEAR,DRY,STRAIGHT/HILLCREST,OTHER (DRIVER),62.0,0,0
DARK,CLEAR,DRY,STRAIGHT/HILLCREST,ANIMAL/OBJECT IN ROADWAY,83.0,0,0
DARK,CLEAR,DRY,NON-ROADWAY CRASH,ANIMAL/OBJECT IN ROADWAY,111.0,0,0
DAYLIGHT,CLEAR,DRY,STRAIGHT/HILLCREST,FOLLOWING TOO CLOSELY,106.0,0,0
DAWN/DUSK,CLEAR,DRY,STRAIGHT/HILLCREST,UNSAFE SPEED,97.0,0,0
DAYLIGHT,CLEAR,DRY,STRAIGHT/HILLCREST,OTHER (DRIVER),83.0,0,0
DAYLIGHT,CLEAR,DRY,STRAIGHT/HILLCREST,FOLLOWING TOO CLOSELY,104.0,0,0
DAYLIGHT,CLOUDY,WET,STRAIGHT/HILLCREST,RAN OFF ROAD RIGHT,96.0,0,0
DAYLIGHT,CLEAR,DRY,STRAIGHT/HILLCREST,LEFT OF CENTER,83.0,0,0
DAYLIGHT,CLEAR,SNOW/SLUSH,STRAIGHT/HILLCREST,SPEED TOO FAST - WEATHER,112.0,0,0
DAYLIGHT,SNOW,SNOW/SLUSH,CURVE/HILLCREST,OVERCORRECTING/OVERSTEERING,67.0,1,1
DAYLIGHT,CLEAR,DRY,STRAIGHT/HILLCREST,OTHER (DRIVER),97.0,0,0
DAYLIGHT,CLEAR,DRY,NON-ROADWAY CRASH,UNSAFE BACKING,63.0,0,0
DAYLIGHT,CLEAR,DRY,NON-ROADWAY CRASH,UNSAFE BACKING,74.0,0,0
DARK,RAIN,WET,NON-ROADWAY CRASH,RAN OFF ROAD RIGHT,43.0,1,1
DAYLIGHT,CLEAR,DRY,NON-ROADWAY CRASH,UNSAFE BACKING,108.0,0,0
DAYLIGHT,CLEAR,DRY,NON-ROADWAY CRASH,DRIVER DISTRACTED,61.0,0,0
DAYLIGHT,CLEAR,DRY,STRAIGHT/HILLCREST,FOLLOWING TOO CLOSELY,93.0,0,0
DARK (LIGHTED),CLEAR,WET,STRAIGHT/HILLCREST,UNSAFE BACKING,65.0,0,0
DARK (LIGHTED),RAIN,WET,NON-ROADWAY CRASH,UNSAFE BACKING,65.0,1,1
DAYLIGHT,CLEAR,DRY,NON-ROADWAY CRASH,OTHER (DRIVER),74.0,0,0
DAYLIGHT,CLEAR,DRY,NON-ROADWAY CRASH,IMPROPER PASSING,74.0,0,0
DAYLIGHT,CLOUDY,DRY,NON-ROADWAY CRASH,IMPROPER TURNING,69.0,0,0
DAYLIGHT,CLEAR,DRY,STRAIGHT/HILLCREST,FAILURE TO YIELD RIGHT OF WAY,70.0,0,0
DARK,CLEAR,ICE,CURVE/HILLCREST,RAN OFF ROAD RIGHT,92.0,1,1
DARK,RAIN,WET,STRAIGHT/HILLCREST,ANIMAL/OBJECT IN ROADWAY,72.0,1,1
DARK (LIGHTED),RAIN,WET,CURVE/HILLCREST,RAN OFF ROAD RIGHT,44.0,1,1
DAYLIGHT,CLEAR,DRY,STRAIGHT/HILLCREST,ANIMAL/OBJECT IN ROADWAY,115.0,0,0
DAYLIGHT,CLEAR,DRY,STRAIGHT/HILLCREST,OTHER (ENVIRONMENTAL) - EXPLAIN IN NARR,113.0,0,0
DAYLIGHT,CLEAR,DRY,NON-ROADWAY CRASH,IMPROPER TURNING,119.0,0,0
DAYLIGHT,CLEAR,DRY,NON-ROADWAY CRASH,IMPROPER TURNING,120.0,0,0
DAYLIGHT,CLEAR,DRY,STRAIGHT/HILLCREST,DRIVER DISTRACTED,93.0,0,0
DARK,CLEAR,DRY,STRAIGHT/HILLCREST,LEFT OF CENTER,109.0,0,0
DAYLIGHT,CLEAR,DRY,STRAIGHT/HILLCREST,OVERCORRECTING/OVERSTEERING,111.0,0,0
DAYLIGHT,SLEET/HAIL/FREEZING,SNOW/SLUSH,STRAIGHT/HILLCREST,ANIMAL/OBJECT IN ROADWAY,28.0,1,1
DARK,CLEAR,DRY,STRAIGHT/HILLCREST,OTHER (DRIVER),120.0,0,0
DAWN/DUSK,CLEAR,DRY,NON-ROADWAY CRASH,DRIVER DISTRACTED,97.0,0,0
DAYLIGHT,CLEAR,DRY,STRAIGHT/HILLCREST,UNSAFE SPEED,114.0,0,0
DAWN/DUSK,CLEAR,DRY,STRAIGHT/HILLCREST,UNSAFE SPEED,94.0,0,0
DAWN/DUSK,CLEAR,DRY,NON-ROADWAY CRASH,UNSAFE BACKING,92.0,0,0
DAYLIGHT,CLOUDY,WET,CURVE/HILLCREST,RAN OFF ROAD RIGHT,99.0,0,0
DAYLIGHT,RAIN,WET,CURVE/HILLCREST,SPEED TOO FAST - WEATHER CONDITIONS,83.0,1,1
DAYLIGHT,CLEAR,DRY,NON-ROADWAY CRASH,RAN OFF ROAD RIGHT,84.0,0,0
DAYLIGHT,RAIN,WET,STRAIGHT/HILLCREST,FAILURE TO YIELD RIGHT OF WAY,48.0,0,0
DAYLIGHT,CLEAR,DRY,STRAIGHT/HILLCREST,OTHER (DRIVER),101.0,0,0
DARK,CLEAR,ICE,STRAIGHT/HILLCREST,SPEED TOO FAST - WEATHER CONDITIONS,110.0,1,1
DAYLIGHT,RAIN,WET,STRAIGHT/HILLCREST,ROADWAY SURFACE CONDITION,47.0,0,0
DAWN/DUSK,CLOUDY,ICE,STRAIGHT/HILLCREST,RAN OFF ROAD RIGHT,99.0,1,1
DARK,RAIN,WET,STRAIGHT/HILLCREST,FOLLOWING TOO CLOSELY,44.0,1,1
DAYLIGHT,CLEAR,DRY,STRAIGHT/HILLCREST,FOLLOWING TOO CLOSELY,80.0,0,0
DAYLIGHT,CLEAR,WET,STRAIGHT/HILLCREST,FOLLOWING TOO CLOSELY,107.0,0,0
DAYLIGHT,CLEAR,DRY,STRAIGHT/HILLCREST,FOLLOWING TOO CLOSELY,67.0,0,0
DAYLIGHT,CLOUDY,WET,CURVE/HILLCREST,RAN OFF ROAD RIGHT,56.0,0,0
DAYLIGHT,SNOW,SNOW/SLUSH,CURVE/HILLCREST,SPEED TOO FAST - WEATHER CONDITIONS,36.0,1,1
DAYLIGHT,CLEAR,DRY,CURVE/HILLCREST,OTHER (DRIVER),72.0,0,0
DAYLIGHT,RAIN,WET,CURVE/HILLCREST,SPEED TOO FAST - WEATHER CONDITIONS,71.0,1,1
DAYLIGHT,CLEAR,DRY,STRAIGHT/HILLCREST,FAILURE TO YIELD RIGHT OF WAY,106.0,0,0
DAYLIGHT,CLOUDY,WET,STRAIGHT/HILLCREST,OTHER (DRIVER),55.0,0,0
DAYLIGHT,CLOUDY,DRY,STRAIGHT/HILLCREST,FAILURE TO YIELD RIGHT OF WAY,60.0,0,0
DAYLIGHT,CLEAR,WET,STRAIGHT/HILLCREST,FAILURE TO YIELD RIGHT OF WAY,67.0,0,0
DAWN/DUSK,CLEAR,DRY,CURVE/HILLCREST,ANIMAL/OBJECT IN ROADWAY,97.0,0,0
DAYLIGHT,CLEAR,DRY,STRAIGHT/HILLCREST,FAILURE TO YIELD RIGHT OF WAY,116.0,0,0
DARK,RAIN,WET,STRAIGHT/HILLCREST,ANIMAL/OBJECT IN ROADWAY,84.0,1,1
DAYLIGHT,CLEAR,DRY,STRAIGHT/HILLCREST,FAILURE TO YIELD RIGHT OF WAY,89.0,0,0
DAYLIGHT,CLOUDY,DRY,STRAIGHT/HILLCREST,UNSAFE BACKING,69.0,0,0
DARK,SLEET/HAIL/FREEZING,ICE,STRAIGHT/HILLCREST,ROADWAY SURFACE CONDITION,32.0,1,1
DAYLIGHT,CLEAR,DRY,CURVE/HILLCREST,LEFT OF CENTER,89.0,0,0
DAYLIGHT,CLEAR,DRY,STRAIGHT/HILLCREST,UNSAFE SPEED,98.0,0,0
DAYLIGHT,CLOUDY,DRY,STRAIGHT/HILLCREST,FOLLOWING TOO CLOSELY,53.0,0,0
DAYLIGHT,SNOW,ICE,CURVE/HILLCREST,OVERCORRECTING/OVERSTEERING,67.0,1,1
DAYLIGHT,BLOWING SAND/SOIL/SNOW,SNOW/SLUSH,STRAIGHT/HILLCREST,SPEED TOO FAST - WEATHER CONDITIONS,50.0,0,0
DARK,CLOUDY,DRY,CURVE/HILLCREST,OVERCORRECTING/OVERSTEERING,96.0,0,0
DAYLIGHT,CLEAR,DRY,STRAIGHT/HILLCREST,RAN OFF ROAD RIGHT,79.0,0,0
DAYLIGHT,CLEAR,DRY,NON-ROADWAY CRASH,VIEW OBSTRUCTED,100.0,0,0
DAYLIGHT,CLEAR,DRY,NON-ROADWAY CRASH,RAN OFF ROAD RIGHT,68.0,0,0
DARK,CLEAR,SNOW/SLUSH,STRAIGHT/HILLCREST,SPEED TOO FAST - WEATHER CONDITIONS,97.0,1,1
DAYLIGHT,CLEAR,DRY,STRAIGHT/HILLCREST,FAILURE TO YIELD RIGHT OF WAY,66.0,0,0
DAYLIGHT,CLEAR,DRY,STRAIGHT/HILLCREST,FOLLOWING TOO CLOSELY,106.0,0,0
DAWN/DUSK,CLEAR,DRY,STRAIGHT/HILLCREST,LEFT OF CENTER,115.0,0,0
DAYLIGHT,CLEAR,DRY,STRAIGHT/HILLCREST,FOLLOWING TOO CLOSELY,115.0,0,0
DAYLIGHT,CLOUDY,DRY,STRAIGHT/HILLCREST,FAILURE TO YIELD RIGHT OF WAY,86.0,0,0
DAYLIGHT,RAIN,WET,STRAIGHT/HILLCREST,FOLLOWING TOO CLOSELY,40.0,0,0
DAYLIGHT,CLEAR,DRY,NON-ROADWAY CRASH,UNSAFE BACKING,79.0,0,0
DAYLIGHT,CLEAR,DRY,CURVE/HILLCREST,UNSAFE SPEED,72.0,0,0
DAWN/DUSK,SNOW,SNOW/SLUSH,STRAIGHT/HILLCREST,ROADWAY SURFACE CONDITION,49.0,1,1
DAYLIGHT,CLEAR,DRY,STRAIGHT/HILLCREST,DISREGARD SIGNAL/REG SIGN,109.0,0,0
DARK (LIGHTED),CLEAR,DRY,STRAIGHT/HILLCREST,DRIVER ASLEEP OR FATIGUED,70.0,0,0
DARK (LIGHTED),FOG/SMOKE/SMOG,WET,STRAIGHT/HILLCREST,OTHER (DRIVER),32.0,1,1
DAYLIGHT,CLEAR,DRY,CURVE/HILLCREST,RAN OFF ROAD RIGHT,116.0,0,0
DAYLIGHT,CLEAR,DRY,STRAIGHT/HILLCREST,RAN OFF ROAD RIGHT,110.0,0,0
DAYLIGHT,CLOUDY,WET,CURVE/HILLCREST,RAN OFF ROAD RIGHT,100.0,0,0
DAYLIGHT,CLEAR,DRY,STRAIGHT/HILLCREST,FOLLOWING TOO CLOSELY,68.0,0,0
DARK,CLEAR,DRY,STRAIGHT/HILLCREST,FAILURE TO YIELD RIGHT OF WAY,71.0,0,0
DAYLIGHT,CLEAR,DRY,NON-ROADWAY CRASH,INSECURE/LEAKY LOAD,96.0,0,0
DARK (LIGHTED),CLOUDY,DRY,NON-ROADWAY CRASH,UNSAFE BACKING,76.0,0,0
DAYLIGHT,CLOUDY,SNOW/SLUSH,STRAIGHT/HILLCREST,RAN OFF ROAD RIGHT,51.0,0,0
DAYLIGHT,CLOUDY,WET,CURVE/HILLCREST,SPEED TOO FAST - WEATHER CONDITIONS,54.0,0,0
DAYLIGHT,CLOUDY,DRY,STRAIGHT/HILLCREST,FOLLOWING TOO CLOSELY,65.0,0,0
DAYLIGHT,CLEAR,DRY,STRAIGHT/HILLCREST,OVERCORRECTING/OVERSTEERING,106.0,0,0
DAYLIGHT,CLOUDY,DRY,STRAIGHT/HILLCREST,FAILURE TO YIELD RIGHT OF WAY,100.0,0,0
DAYLIGHT,CLEAR,DRY,STRAIGHT/HILLCREST,FOLLOWING TOO CLOSELY,65.0,0,0
DAYLIGHT,CLEAR,DRY,STRAIGHT/HILLCREST,UNSAFE SPEED,75.0,0,0
DAYLIGHT,RAIN,WET,STRAIGHT/HILLCREST,SPEED TOO FAST - WEATHER CONDITIONS,67.0,0,0
DAWN/DUSK,RAIN,WET,STRAIGHT/HILLCREST,LEFT OF CENTER,71.0,1,1
DAYLIGHT,RAIN,WET,STRAIGHT/HILLCREST,ROADWAY SURFACE CONDITION,89.0,0,0
DAYLIGHT,RAIN,WATER (STANDING OR MOVING),STRAIGHT/HILLCREST,SPEED TOO FAST - WEATHER CONDITIONS,81.0,0,0
DAYLIGHT,RAIN,WET,STRAIGHT/HILLCREST,FOLLOWING TOO CLOSELY,73.0,0,0
DAWN/DUSK,RAIN,WET,STRAIGHT/HILLCREST,OTHER (ENVIRONMENTAL) - EXPLAIN IN NARR,81.0,1,1
DAYLIGHT,CLOUDY,WET,STRAIGHT/HILLCREST,FOLLOWING TOO CLOSELY,71.0,0,0
DAYLIGHT,CLOUDY,WET,STRAIGHT/HILLCREST,FOLLOWING TOO CLOSELY,67.0,0,0
DAWN/DUSK,CLEAR,DRY,NON-ROADWAY CRASH,UNSAFE BACKING,87.0,0,0
DAYLIGHT,RAIN,WET,STRAIGHT/HILLCREST,FOLLOWING TOO CLOSELY,67.0,0,0
DARK,RAIN,WET,STRAIGHT/HILLCREST,ANIMAL/OBJECT IN ROADWAY,58.0,1,1
DAYLIGHT,CLOUDY,WET,STRAIGHT/HILLCREST,FAILURE TO YIELD RIGHT OF WAY,83.0,0,0
DARK,CLEAR,DRY,STRAIGHT/HILLCREST,RAN OFF ROAD RIGHT,94.0,0,0
DARK,CLEAR,DRY,STRAIGHT/HILLCREST,RAN OFF ROAD RIGHT,74.0,0,0
DAYLIGHT,BLOWING SAND/SOIL/SNOW,ICE,STRAIGHT/HILLCREST,SPEED TOO FAST - WEATHER CONDITIONS,40.0,1,1
DARK,RAIN,WET,CURVE/HILLCREST,RAN OFF ROAD RIGHT,49.0,1,1
DARK,RAIN,WET,CURVE/HILLCREST,ANIMAL/OBJECT IN ROADWAY,70.0,1,1
DARK,CLOUDY,ICE,CURVE/HILLCREST,ROADWAY SURFACE CONDITION,87.0,1,1
DAYLIGHT,CLOUDY,SNOW/SLUSH,STRAIGHT/HILLCREST,RAN OFF ROAD RIGHT,85.0,0,0
DARK,CLEAR,DRY,STRAIGHT/HILLCREST,ANIMAL/OBJECT IN ROADWAY,77.0,0,0
DAYLIGHT,FOG/SMOKE,SNOW/SLUSH,STRAIGHT/HILLCREST,FAILURE TO YIELD RIGHT OF WAY,28.0,1,1
DAYLIGHT,CLOUDY,DRY,STRAIGHT/HILLCREST,LEFT OF CENTER,66.0,0,0
DAYLIGHT,CLEAR,DRY,CURVE/HILLCREST,FAILURE TO YIELD RIGHT OF WAY,111.0,0,0
DAYLIGHT,CLEAR,DRY,CURVE/HILLCREST,FOLLOWING TOO CLOSELY,92.0,0,0
DAYLIGHT,CLEAR,DRY,STRAIGHT/HILLCREST,UNSAFE LANE MOVEMENT,92.0,0,0
DARK,CLEAR,DRY,STRAIGHT/HILLCREST,ANIMAL/OBJECT IN ROADWAY,83.0,0,0
DAYLIGHT,CLEAR,DRY,NON-ROADWAY CRASH,UNSAFE BACKING,61.0,0,0
DARK,CLEAR,DRY,STRAIGHT/HILLCREST,ANIMAL/OBJECT IN ROADWAY,80.0,0,0
DAYLIGHT,RAIN,WET,STRAIGHT/HILLCREST,DRIVER DISTRACTED,87.0,0,0
DARK,CLEAR,DRY,STRAIGHT/HILLCREST,FOLLOWING TOO CLOSELY,77.0,0,0
DAYLIGHT,CLEAR,DRY,STRAIGHT/HILLCREST,FAILURE TO YIELD RIGHT OF WAY,88.0,0,0
DAYLIGHT,CLOUDY,WET,NON-ROADWAY CRASH,UNSAFE LANE MOVEMENT,75.0,0,0
DAYLIGHT,SLEET/HAIL/FREEZING,SNOW/SLUSH,STRAIGHT/HILLCREST,SPEED TOO FAST - WEATHER,53.0,1,0
DARK,RAIN,WET,CURVE/HILLCREST,RAN OFF ROAD RIGHT,87.0,1,1
DAWN/DUSK,CLEAR,DRY,STRAIGHT/HILLCREST,FAILURE TO YIELD RIGHT OF WAY,97.0,0,0
DAYLIGHT,RAIN,WET,CURVE/HILLCREST,SPEED TOO FAST - WEATHER CONDITIONS,69.0,1,1
DAYLIGHT,CLEAR,DRY,STRAIGHT/HILLCREST,FAILURE TO YIELD RIGHT OF WAY,97.0,0,0
DAYLIGHT,CLEAR,DRY,STRAIGHT/HILLCREST,RAN OFF ROAD RIGHT,89.0,0,0
DAYLIGHT,CLEAR,DRY,STRAIGHT/HILLCREST,BRAKE FAILURE OR DEFECTIVE,99.0,0,0
DARK,CLEAR,DRY,STRAIGHT/HILLCREST,ANIMAL/OBJECT IN ROADWAY,106.0,0,0
DAYLIGHT,CLOUDY,WET,CURVE/HILLCREST,LEFT OF CENTER,58.0,0,0
DAYLIGHT,CLOUDY,WET,STRAIGHT/HILLCREST,SPEED TOO FAST - WEATHER CONDITIONS,53.0,0,0
DAYLIGHT,CLEAR,DRY,STRAIGHT/HILLCREST,UNSAFE LANE MOVEMENT,66.0,0,0
DARK,CLEAR,DRY,STRAIGHT/HILLCREST,INSECURE/LEAKY LOAD,79.0,0,0
DAYLIGHT,CLEAR,DRY,STRAIGHT/HILLCREST,FAILURE TO YIELD RIGHT OF WAY,116.0,0,0
DARK,SNOW,WET,STRAIGHT/HILLCREST,RAN OFF ROAD RIGHT,34.0,1,1
DAYLIGHT,CLEAR,DRY,CURVE/HILLCREST,LEFT OF CENTER,102.0,0,0
DARK,RAIN,WET,STRAIGHT/HILLCREST,ANIMAL/OBJECT IN ROADWAY,89.0,1,1
DAYLIGHT,CLEAR,WET,CURVE/HILLCREST,ROADWAY SURFACE CONDITION,106.0,0,0
DAYLIGHT,CLEAR,ICE,CURVE/HILLCREST,SPEED TOO FAST - WEATHER CONDITIONS,68.0,0,0
DAYLIGHT,CLEAR,DRY,CURVE/HILLCREST,FAILURE TO YIELD RIGHT OF WAY,115.0,0,0
DAYLIGHT,CLOUDY,DRY,STRAIGHT/HILLCREST,FOLLOWING TOO CLOSELY,51.0,0,0
DAYLIGHT,CLEAR,DRY,CURVE/HILLCREST,FOLLOWING TOO CLOSELY,101.0,0,0
DAYLIGHT,CLOUDY,DRY,CURVE/HILLCREST,UNSAFE LANE MOVEMENT,72.0,0,0
DAYLIGHT,CLEAR,DRY,STRAIGHT/HILLCREST,ANIMAL/OBJECT IN ROADWAY,74.0,0,0
DARK,CLEAR,DRY,CURVE/HILLCREST,FOLLOWING TOO CLOSELY,104.0,0,0
DAYLIGHT,CLOUDY,DRY,STRAIGHT/HILLCREST,FOLLOWING TOO CLOSELY,75.0,0,0
DAYLIGHT,CLEAR,DRY,STRAIGHT/HILLCREST,FOLLOWING TOO CLOSELY,85.0,0,0
DAYLIGHT,CLEAR,DRY,STRAIGHT/HILLCREST,DISREGARD SIGNAL/REG SIGN,60.0,0,0
DAYLIGHT,CLEAR,DRY,STRAIGHT/HILLCREST,FAILURE TO YIELD RIGHT OF WAY,109.0,0,0
DAYLIGHT,RAIN,WET,CURVE/HILLCREST,FAILURE TO YIELD RIGHT OF WAY,82.0,1,1
DAYLIGHT,RAIN,WET,STRAIGHT/HILLCREST,SPEED TOO FAST - WEATHER CONDITIONS,52.0,0,0
DARK (LIGHTED),CLEAR,DRY,STRAIGHT/HILLCREST,IMPROPER LANE USAGE,63.0,0,0
DAYLIGHT,SLEET/HAIL/FREEZING,WET,CURVE/HILLCREST,UNSAFE SPEED,42.0,1,1
DAYLIGHT,CLEAR,DRY,STRAIGHT/HILLCREST,UNSAFE SPEED,112.0,0,0
DARK,CLEAR,DRY,STRAIGHT/HILLCREST,ANIMAL/OBJECT IN ROADWAY,72.0,0,0
DAWN/DUSK,RAIN,WET,CURVE/HILLCREST,RAN OFF ROAD RIGHT,55.0,1,1
DARK,SLEET/HAIL/FREEZING,ICE,CURVE/HILLCREST,ROADWAY SURFACE CONDITION,56.0,1,1
DAYLIGHT,RAIN,WET,CURVE/HILLCREST,SPEED TOO FAST - WEATHER CONDITIONS,90.0,1,1
DAYLIGHT,CLEAR,DRY,NON-ROADWAY CRASH,UNSAFE BACKING,104.0,0,0
DAWN/DUSK,RAIN,WET,STRAIGHT/HILLCREST,FAILURE TO YIELD RIGHT OF WAY,61.0,1,1
DAYLIGHT,CLEAR,DRY,NON-ROADWAY CRASH,OTHER (DRIVER),97.0,0,0
DARK,RAIN,WET,CURVE/HILLCREST,RAN OFF ROAD RIGHT,80.0,1,1
DARK,CLEAR,DRY,CURVE/HILLCREST,DRIVER DISTRACTED,66.0,0,0
DAWN/DUSK,CLEAR,DRY,STRAIGHT/HILLCREST,OVERCORRECTING/OVERSTEERING,79.0,0,0
DAYLIGHT,CLEAR,DRY,STRAIGHT/HILLCREST,DRIVER DISTRACTED,62.0,0,0
DAYLIGHT,CLEAR,DRY,CURVE/HILLCREST,DRIVER DISTRACTED,90.0,0,0
DAYLIGHT,CLEAR,DRY,CURVE/HILLCREST,UNSAFE SPEED,64.0,0,0
DAYLIGHT,CLOUDY,MUDDY,STRAIGHT/HILLCREST,ANIMAL/OBJECT IN ROADWAY,51.0,0,0
DAYLIGHT,CLEAR,DRY,NON-ROADWAY CRASH,OTHER (DRIVER),89.0,0,0
DAYLIGHT,CLOUDY,DRY,NON-ROADWAY CRASH,FAILURE TO YIELD RIGHT OF WAY,67.0,0,0
DAYLIGHT,CLEAR,DRY,NON-ROADWAY CRASH,OTHER (DRIVER),61.0,0,0
DAYLIGHT,CLEAR,DRY,NON-ROADWAY CRASH,OTHER (DRIVER),86.0,0,0
DARK (LIGHTED),CLEAR,DRY,NON-ROADWAY CRASH,OTHER (DRIVER),95.0,0,0
DAYLIGHT,CLEAR,DRY,NON-ROADWAY CRASH,UNSAFE BACKING,117.0,0,0
DAYLIGHT,CLEAR,DRY,NON-ROADWAY CRASH,FAILURE TO YIELD RIGHT OF WAY,102.0,0,0
DAYLIGHT,CLOUDY,DRY,NON-ROADWAY CRASH,IMPROPER TURNING,94.0,0,0
DAYLIGHT,CLOUDY,DRY,NON-ROADWAY CRASH,UNSAFE BACKING,96.0,0,0
DARK (LIGHTED),RAIN,WET,NON-ROADWAY CRASH,UNSAFE BACKING,77.0,1,1
DAYLIGHT,CLOUDY,DRY,NON-ROADWAY CRASH,FAILURE TO YIELD RIGHT OF WAY,66.0,0,0
DAYLIGHT,CLEAR,DRY,NON-ROADWAY CRASH,UNSAFE BACKING,118.0,0,0
DARK (LIGHTED),CLEAR,DRY,NON-ROADWAY CRASH,FOLLOWING TOO CLOSELY,102.0,0,0
DARK,CLEAR,DRY,STRAIGHT/HILLCREST,ANIMAL/OBJECT IN ROADWAY,85.0,0,0
DAYLIGHT,CLEAR,DRY,STRAIGHT/HILLCREST,FOLLOWING TOO CLOSELY,62.0,0,0
DAYLIGHT,CLOUDY,DRY,STRAIGHT/HILLCREST,FOLLOWING TOO CLOSELY,62.0,0,0
DAYLIGHT,CLEAR,DRY,STRAIGHT/HILLCREST,FAILURE TO YIELD RIGHT OF WAY,119.0,0,0
DAYLIGHT,CLEAR,DRY,STRAIGHT/HILLCREST,FAILURE TO YIELD RIGHT OF WAY,95.0,0,0
DARK,CLEAR,DRY,STRAIGHT/HILLCREST,ANIMAL/OBJECT IN ROADWAY,114.0,0,0
DARK,CLEAR,DRY,STRAIGHT/HILLCREST,RAN OFF ROAD RIGHT,91.0,0,0
DAYLIGHT,CLEAR,DRY,CURVE/HILLCREST,RAN OFF ROAD RIGHT,86.0,0,0
DARK,SNOW,WET,STRAIGHT/HILLCREST,LEFT OF CENTER,36.0,1,1
DARK,CLEAR,DRY,STRAIGHT/HILLCREST,ANIMAL/OBJECT IN ROADWAY,97.0,0,0
DAWN/DUSK,CLOUDY,WET,STRAIGHT/HILLCREST,DRIVER DISTRACTED,88.0,0,0
DARK,CLEAR,DRY,STRAIGHT/HILLCREST,FAILURE TO YIELD RIGHT OF WAY,92.0,0,0
DAYLIGHT,CLEAR,DRY,STRAIGHT/HILLCREST,FOLLOWING TOO CLOSELY,74.0,0,0
DARK,CLEAR,DRY,STRAIGHT/HILLCREST,FOLLOWING TOO CLOSELY,113.0,0,0
DAYLIGHT,CLEAR,DRY,STRAIGHT/HILLCREST,FOLLOWING TOO CLOSELY,73.0,0,0
DAYLIGHT,CLEAR,DRY,STRAIGHT/HILLCREST,FOLLOWING TOO CLOSELY,95.0,0,0
DAYLIGHT,CLEAR,DRY,STRAIGHT/HILLCREST,FOLLOWING TOO CLOSELY,117.0,0,0
DARK,CLEAR,ICE,CURVE/HILLCREST,SPEED TOO FAST - WEATHER CONDITIONS,75.0,1,1
DAYLIGHT,CLEAR,DRY,STRAIGHT/HILLCREST,RAN OFF ROAD RIGHT,88.0,0,0
DARK,CLOUDY,DRY,STRAIGHT/HILLCREST,ANIMAL/OBJECT IN ROADWAY,62.0,0,0
DAYLIGHT,CLEAR,DRY,STRAIGHT/HILLCREST,ANIMAL/OBJECT IN ROADWAY,109.0,0,0
DAYLIGHT,CLEAR,DRY,STRAIGHT/HILLCREST,ANIMAL/OBJECT IN ROADWAY,73.0,0,0
DAYLIGHT,CLOUDY,SNOW/SLUSH,CURVE/HILLCREST,RAN OFF ROAD RIGHT,68.0,1,1
DAYLIGHT,RAIN,WET,CURVE/HILLCREST,SPEED TOO FAST - WEATHER CONDITIONS,73.0,1,1
DAYLIGHT,CLEAR,DRY,STRAIGHT/HILLCREST,FAILURE TO YIELD RIGHT OF WAY,113.0,0,0
DAYLIGHT,RAIN,WET,STRAIGHT/HILLCREST,FOLLOWING TOO CLOSELY,56.0,0,0
DARK,CLEAR,DRY,STRAIGHT/HILLCREST,ANIMAL/OBJECT IN ROADWAY,77.0,0,0
DAYLIGHT,CLEAR,DRY,STRAIGHT/HILLCREST,UNSAFE LANE MOVEMENT,117.0,0,0
DARK (LIGHTED),CLEAR,DRY,STRAIGHT/HILLCREST,FAILURE TO YIELD RIGHT OF WAY,112.0,0,0
DAYLIGHT,CLEAR,DRY,CURVE/HILLCREST,OTHER (DRIVER),111.0,0,0
DAYLIGHT,CLEAR,DRY,STRAIGHT/HILLCREST,FAILURE TO YIELD RIGHT OF WAY,103.0,0,0
DAYLIGHT,RAIN,WET,STRAIGHT/HILLCREST,FOLLOWING TOO CLOSELY,46.0,0,0
DAYLIGHT,RAIN,WET,CURVE/HILLCREST,RAN OFF ROAD RIGHT,48.0,1,0
DARK,CLEAR,DRY,CURVE/HILLCREST,RAN OFF ROAD RIGHT,75.0,0,0
DAYLIGHT,CLEAR,DRY,STRAIGHT/HILLCREST,UNSAFE SPEED,112.0,0,0
DAYLIGHT,CLOUDY,WET,STRAIGHT/HILLCREST,FOLLOWING TOO CLOSELY,75.0,0,0
DARK (LIGHTED),CLOUDY,WET,STRAIGHT/HILLCREST,RAN OFF ROAD RIGHT,94.0,0,0
DAYLIGHT,CLEAR,DRY,STRAIGHT/HILLCREST,FOLLOWING TOO CLOSELY,97.0,0,0
DARK (LIGHTED),CLEAR,DRY,STRAIGHT/HILLCREST,ANIMAL/OBJECT IN ROADWAY,75.0,0,0
DAYLIGHT,SLEET/HAIL/FREEZING,SNOW/SLUSH,CURVE/HILLCREST,ROADWAY SURFACE CONDITION,22.0,1,1
DARK,CLEAR,DRY,STRAIGHT/HILLCREST,LEFT OF CENTER,117.0,0,0
DAYLIGHT,CLEAR,DRY,CURVE/HILLCREST,OTHER (ENVIRONMENTAL) - EXPLAIN IN NARR,90.0,0,0
DAYLIGHT,CLEAR,DRY,CURVE/HILLCREST,FOLLOWING TOO CLOSELY,106.0,0,0
DARK,CLEAR,DRY,CURVE/HILLCREST,DISREGARD SIGNAL/REG SIGN,98.0,0,0
DARK,CLOUDY,WET,CURVE/HILLCREST,UNSAFE SPEED,73.0,1,1
DAYLIGHT,SNOW,SNOW/SLUSH,STRAIGHT/HILLCREST,RAN OFF ROAD RIGHT,32.0,1,1
DAYLIGHT,CLEAR,DRY,STRAIGHT/HILLCREST,FOLLOWING TOO CLOSELY,78.0,0,0
DAYLIGHT,CLEAR,DRY,STRAIGHT/HILLCREST,UNSAFE SPEED,92.0,0,0
DAYLIGHT,CLEAR,DRY,STRAIGHT/HILLCREST,FOLLOWING TOO CLOSELY,85.0,0,0
DAYLIGHT,CLEAR,DRY,STRAIGHT/HILLCREST,FAILURE TO YIELD RIGHT OF WAY,105.0,0,0
DAYLIGHT,CLEAR,DRY,STRAIGHT/HILLCREST,UNSAFE SPEED,68.0,0,0
DAYLIGHT,CLOUDY,DRY,CURVE/HILLCREST,FAILURE TO YIELD RIGHT OF WAY,88.0,0,0
DAYLIGHT,RAIN,WET,NON-ROADWAY CRASH,IMPROPER TURNING,69.0,0,0
DAYLIGHT,CLOUDY,DRY,STRAIGHT/HILLCREST,FOLLOWING TOO CLOSELY,72.0,0,0
DAYLIGHT,CLOUDY,DRY,NON-ROADWAY CRASH,FAILURE TO YIELD RIGHT OF WAY,75.0,0,0
DAYLIGHT,RAIN,WET,NON-ROADWAY CRASH,FAILURE TO YIELD RIGHT OF WAY,84.0,0,0
DAWN/DUSK,CLEAR,DRY,NON-ROADWAY CRASH,UNSAFE BACKING,60.0,0,0
DAWN/DUSK,CLOUDY,DRY,NON-ROADWAY CRASH,OTHER (VEHICLE),79.0,0,0
DAYLIGHT,CLEAR,DRY,NON-ROADWAY CRASH,IMPROPER TURNING,76.0,0,0
DAYLIGHT,CLOUDY,DRY,NON-ROADWAY CRASH,FAILURE TO YIELD RIGHT OF WAY,66.0,0,0
DAYLIGHT,CLOUDY,DRY,NON-ROADWAY CRASH,UNSAFE BACKING,72.0,0,0
DAYLIGHT,CLOUDY,DRY,NON-ROADWAY CRASH,IMPROPER TURNING,71.0,0,0
DAWN/DUSK,CLOUDY,DRY,NON-ROADWAY CRASH,UNSAFE BACKING,93.0,0,0
DAYLIGHT,RAIN,WET,NON-ROADWAY CRASH,UNSAFE BACKING,71.0,0,0
DARK (LIGHTED),CLEAR,DRY,NON-ROADWAY CRASH,IMPROPER LANE USAGE,62.0,0,0
DARK (LIGHTED),CLEAR,WET,STRAIGHT/HILLCREST,OTHER (DRIVER),66.0,0,0
DARK,SLEET/HAIL/FREEZING,WET,STRAIGHT/HILLCREST,FOLLOWING TOO CLOSELY,41.0,1,1
DAYLIGHT,CLOUDY,DRY,NON-ROADWAY CRASH,LEFT OF CENTER,57.0,0,0
DARK (LIGHTED),CLEAR,DRY,NON-ROADWAY CRASH,OTHER (DRIVER),100.0,0,0
DAYLIGHT,CLEAR,DRY,NON-ROADWAY CRASH,UNSAFE BACKING,95.0,0,0
DAYLIGHT,CLEAR,DRY,STRAIGHT/HILLCREST,DRIVER DISTRACTED,90.0,0,0
DARK,CLEAR,DRY,NON-ROADWAY CRASH,ACCELERATOR FAILURE OR DEFECTIVE,91.0,0,0
DAWN/DUSK,BLOWING SAND/SOIL/SNOW,ICE,NON-ROADWAY CRASH,UNSAFE BACKING,53.0,1,1
DARK,SNOW,SNOW/SLUSH,CURVE/HILLCREST,ANIMAL/OBJECT IN ROADWAY,51.0,1,1
DAYLIGHT,CLEAR,DRY,STRAIGHT/HILLCREST,DISREGARD SIGNAL/REG SIGN,87.0,0,0
DAYLIGHT,CLEAR,DRY,STRAIGHT/HILLCREST,IMPROPER TURNING,115.0,0,0
DAYLIGHT,CLEAR,DRY,STRAIGHT/HILLCREST,TIRE FAILURE OR DEFECTIVE,78.0,0,0
DAYLIGHT,CLEAR,DRY,STRAIGHT/HILLCREST,FOLLOWING TOO CLOSELY,75.0,0,0
DAYLIGHT,CLEAR,DRY,STRAIGHT/HILLCREST,ANIMAL/OBJECT IN ROADWAY,101.0,0,0
DAYLIGHT,CLEAR,DRY,STRAIGHT/HILLCREST,FAILURE TO YIELD RIGHT OF WAY,61.0,0,0
DAYLIGHT,CLEAR,DRY,STRAIGHT/HILLCREST,IMPROPER TURNING,73.0,0,0
DAYLIGHT,RAIN,WET,STRAIGHT/HILLCREST,SPEED TOO FAST - WEATHER CONDITIONS,74.0,0,0
DARK,CLEAR,DRY,STRAIGHT/HILLCREST,CELL PHONE USAGE,87.0,0,0
DARK,CLEAR,DRY,STRAIGHT/HILLCREST,CELL PHONE USAGE,80.0,0,0
DAYLIGHT,RAIN,WET,STRAIGHT/HILLCREST,DRIVER DISTRACTED,66.0,0,0
DAYLIGHT,CLEAR,DRY,CURVE/HILLCREST,DRIVER ASLEEP OR FATIGUED,103.0,0,0
DAYLIGHT,CLEAR,DRY,CURVE/HILLCREST,FAILURE TO YIELD RIGHT OF WAY,66.0,0,0
DAYLIGHT,CLEAR,DRY,STRAIGHT/HILLCREST,FOLLOWING TOO CLOSELY,103.0,0,0
DARK (LIGHTED),CLEAR,DRY,STRAIGHT/HILLCREST,FAILURE TO YIELD RIGHT OF WAY,119.0,0,0
DAYLIGHT,RAIN,WET,STRAIGHT/HILLCREST,FOLLOWING TOO CLOSELY,54.0,0,0
DAYLIGHT,CLEAR,DRY,STRAIGHT/HILLCREST,FAILURE TO YIELD RIGHT OF WAY,61.0,0,0
DARK,CLOUDY,DRY,STRAIGHT/HILLCREST,ANIMAL/OBJECT IN ROADWAY,89.0,0,0
DAYLIGHT,CLEAR,DRY,STRAIGHT/HILLCREST,ANIMAL/OBJECT IN ROADWAY,89.0,0,0
DARK,CLEAR,DRY,STRAIGHT/HILLCREST,ANIMAL/OBJECT IN ROADWAY,81.0,0,0
DAYLIGHT,CLEAR,DRY,STRAIGHT/HILLCREST,OTHER (DRIVER),71.0,0,0
DAYLIGHT,CLEAR,DRY,STRAIGHT/HILLCREST,OTHER (DRIVER),74.0,0,0
DAYLIGHT,CLEAR,DRY,STRAIGHT/HILLCREST,UNSAFE SPEED,80.0,0,0
DAYLIGHT,RAIN,WET,STRAIGHT/HILLCREST,FOLLOWING TOO CLOSELY,40.0,0,0
DAYLIGHT,CLOUDY,DRY,STRAIGHT/HILLCREST,FAILURE TO YIELD RIGHT OF WAY,72.0,0,0
DAYLIGHT,CLEAR,DRY,STRAIGHT/HILLCREST,FOLLOWING TOO CLOSELY,93.0,0,0
DAYLIGHT,RAIN,WET,STRAIGHT/HILLCREST,SPEED TOO FAST - WEATHER CONDITIONS,57.0,0,0
DAYLIGHT,CLEAR,DRY,STRAIGHT/HILLCREST,FAILURE TO YIELD RIGHT OF WAY,106.0,0,0
DARK (LIGHTED),CLEAR,DRY,STRAIGHT/HILLCREST,ANIMAL/OBJECT IN ROADWAY,97.0,0,0
DAYLIGHT,RAIN,WET,STRAIGHT/HILLCREST,LEFT OF CENTER,71.0,0,0
DAYLIGHT,CLEAR,DRY,STRAIGHT/HILLCREST,FOLLOWING TOO CLOSELY,98.0,0,0
DAYLIGHT,CLEAR,DRY,STRAIGHT/HILLCREST,DRIVER DISTRACTED,73.0,0,0
DAYLIGHT,CLEAR,DRY,STRAIGHT/HILLCREST,FOLLOWING TOO CLOSELY,105.0,0,0
DAYLIGHT,CLOUDY,WET,STRAIGHT/HILLCREST,FOLLOWING TOO CLOSELY,86.0,0,0
DAYLIGHT,CLEAR,DRY,STRAIGHT/HILLCREST,UNSAFE SPEED,99.0,0,0
DARK,RAIN,WET,STRAIGHT/HILLCREST,ANIMAL/OBJECT IN ROADWAY,59.0,1,1
DAYLIGHT,CLEAR,DRY,STRAIGHT/HILLCREST,DRIVER DISTRACTED,66.0,0,0
DAYLIGHT,CLEAR,DRY,CURVE/HILLCREST,ANIMAL/OBJECT IN ROADWAY,85.0,0,0
DAYLIGHT,CLEAR,DRY,STRAIGHT/HILLCREST,OTHER (DRIVER),62.0,0,0
DAYLIGHT,CLEAR,DRY,STRAIGHT/HILLCREST,DRIVER DISTRACTED,107.0,0,0
DARK,CLEAR,DRY,CURVE/HILLCREST,UNSAFE SPEED,61.0,0,0
DARK,CLEAR,DRY,CURVE/HILLCREST,ANIMAL/OBJECT IN ROADWAY,116.0,0,0
DAWN/DUSK,CLEAR,DRY,CURVE/HILLCREST,DRIVER ASLEEP OR FATIGUED,103.0,0,0
DARK,CLEAR,DRY,NON-ROADWAY CRASH,OTHER (DRIVER),75.0,0,0
DAYLIGHT,CLOUDY,DRY,NON-ROADWAY CRASH,OTHER (DRIVER),83.0,0,0
DAYLIGHT,CLEAR,DRY,NON-ROADWAY CRASH,UNSAFE BACKING,110.0,0,0
DAYLIGHT,CLEAR,DRY,NON-ROADWAY CRASH,UNSAFE LANE MOVEMENT,109.0,0,0
DAYLIGHT,CLEAR,DRY,STRAIGHT/HILLCREST,RAN OFF ROAD RIGHT,98.0,0,0
DAYLIGHT,CLEAR,DRY,CURVE/HILLCREST,RAN OFF ROAD RIGHT,106.0,0,0
DAYLIGHT,CLEAR,DRY,CURVE/HILLCREST,UNSAFE SPEED,68.0,0,0
DARK,CLEAR,DRY,STRAIGHT/HILLCREST,ANIMAL/OBJECT IN ROADWAY,69.0,0,0
DAYLIGHT,CLEAR,DRY,STRAIGHT/HILLCREST,FOLLOWING TOO CLOSELY,93.0,0,0
DAYLIGHT,CLEAR,DRY,STRAIGHT/HILLCREST,IMPROPER PASSING,62.0,0,0
DAYLIGHT,SNOW,SNOW/SLUSH,STRAIGHT/HILLCREST,SPEED TOO FAST - WEATHER CONDITIONS,37.0,1,1
DAYLIGHT,CLEAR,DRY,CURVE/HILLCREST,BRAKE FAILURE OR DEFECTIVE,114.0,0,0
DAYLIGHT,CLEAR,DRY,STRAIGHT/HILLCREST,FAILURE TO YIELD RIGHT OF WAY,70.0,0,0
DAYLIGHT,CLEAR,DRY,NON-ROADWAY CRASH,FOLLOWING TOO CLOSELY,106.0,0,0
DAYLIGHT,CLEAR,DRY,STRAIGHT/HILLCREST,ANIMAL/OBJECT IN ROADWAY,106.0,0,0
DAYLIGHT,RAIN,WET,CURVE/HILLCREST,RAN OFF ROAD RIGHT,80.0,1,1
DARK (LIGHTED),CLEAR,DRY,NON-ROADWAY CRASH,OTHER (DRIVER),76.0,0,0
DAYLIGHT,CLOUDY,DRY,NON-ROADWAY CRASH,UNSAFE BACKING,98.0,0,0
DAYLIGHT,CLEAR,DRY,NON-ROADWAY CRASH,UNSAFE BACKING,95.0,0,0
DAYLIGHT,CLEAR,DRY,NON-ROADWAY CRASH,UNSAFE BACKING,106.0,0,0
DAYLIGHT,CLEAR,DRY,NON-ROADWAY CRASH,UNSAFE BACKING,90.0,0,0
DAYLIGHT,CLOUDY,DRY,STRAIGHT/HILLCREST,FOLLOWING TOO CLOSELY,93.0,0,0
DAYLIGHT,RAIN,WET,STRAIGHT/HILLCREST,FOLLOWING TOO CLOSELY,69.0,0,0
DAYLIGHT,CLEAR,DRY,STRAIGHT/HILLCREST,DRIVER DISTRACTED,65.0,0,0
DAYLIGHT,CLEAR,DRY,STRAIGHT/HILLCREST,LEFT OF CENTER,78.0,0,0
DARK,RAIN,WET,STRAIGHT/HILLCREST,SPEED TOO FAST - WEATHER CONDITIONS,75.0,1,1
DAYLIGHT,CLEAR,DRY,STRAIGHT/HILLCREST,FOLLOWING TOO CLOSELY,96.0,0,0
DAYLIGHT,CLEAR,DRY,STRAIGHT/HILLCREST,FOLLOWING TOO CLOSELY,89.0,0,0
DAYLIGHT,CLOUDY,DRY,STRAIGHT/HILLCREST,ANIMAL/OBJECT IN ROADWAY,86.0,0,0
DARK,RAIN,WET,STRAIGHT/HILLCREST,RAN OFF ROAD RIGHT,60.0,1,1
DAYLIGHT,CLEAR,DRY,CURVE/HILLCREST,OTHER (DRIVER),61.0,0,0
DARK,CLOUDY,WET,CURVE/HILLCREST,SPEED TOO FAST - WEATHER CONDITIONS,86.0,1,1
DAYLIGHT,CLEAR,DRY,NON-ROADWAY CRASH,UNSAFE BACKING,87.0,0,0
DARK (LIGHTED),CLEAR,DRY,NON-ROADWAY CRASH,UNSAFE BACKING,96.0,0,0
DAYLIGHT,CLOUDY,DRY,NON-ROADWAY CRASH,UNSAFE BACKING,62.0,0,0
DAYLIGHT,CLEAR,DRY,NON-ROADWAY CRASH,OTHER (VEHICLE),107.0,0,0
DARK,CLEAR,DRY,NON-ROADWAY CRASH,OTHER (VEHICLE),88.0,0,0
DAYLIGHT,CLEAR,DRY,STRAIGHT/HILLCREST,LEFT OF CENTER,115.0,0,0
DAYLIGHT,CLOUDY,DRY,NON-ROADWAY CRASH,FAILURE TO YIELD RIGHT OF WAY,79.0,0,0
DAYLIGHT,CLEAR,DRY,CURVE/HILLCREST,IMPROPER TURNING,101.0,0,0
DARK (LIGHTED),SNOW,ICE,CURVE/HILLCREST,UNSAFE SPEED,53.0,1,1
DAYLIGHT,CLOUDY,WET,CURVE/HILLCREST,RAN OFF ROAD RIGHT,97.0,0,0
DAYLIGHT,CLOUDY,DRY,STRAIGHT/HILLCREST,RAN OFF ROAD RIGHT,77.0,0,0
DAYLIGHT,RAIN,WET,STRAIGHT/HILLCREST,LEFT OF CENTER,42.0,0,0
DAYLIGHT,CLEAR,DRY,STRAIGHT/HILLCREST,UNSAFE SPEED,109.0,0,0
DAYLIGHT,SNOW,ICE,STRAIGHT/HILLCREST,LEFT OF CENTER,50.0,1,0
DAYLIGHT,CLEAR,DRY,STRAIGHT/HILLCREST,UNSAFE SPEED,79.0,0,0
DARK,SNOW,SNOW/SLUSH,STRAIGHT/HILLCREST,OTHER (VEHICLE),52.0,1,1
DARK,CLEAR,DRY,STRAIGHT/HILLCREST,HOLES/RUTS IN SURFACE,82.0,0,0
DAYLIGHT,CLEAR,DRY,STRAIGHT/HILLCREST,RAN OFF ROAD RIGHT,112.0,0,0
DARK,CLEAR,DRY,NON-ROADWAY CRASH,OTHER (DRIVER),119.0,0,0
DAYLIGHT,CLOUDY,DRY,CURVE/HILLCREST,RAN OFF ROAD RIGHT,78.0,0,0
DAYLIGHT,CLOUDY,DRY,STRAIGHT/HILLCREST,FOLLOWING TOO CLOSELY,86.0,0,0
DAYLIGHT,CLEAR,DRY,NON-ROADWAY CRASH,IMPROPER TURNING,120.0,0,0
DAYLIGHT,CLEAR,SNOW/SLUSH,STRAIGHT/HILLCREST,LEFT OF CENTER,87.0,0,0
DAYLIGHT,CLEAR,DRY,STRAIGHT/HILLCREST,ANIMAL/OBJECT IN ROADWAY,69.0,0,0
DARK (LIGHTED),CLEAR,DRY,STRAIGHT/HILLCREST,FAILURE TO YIELD RIGHT OF WAY,95.0,0,0
DAYLIGHT,CLOUDY,DRY,CURVE/HILLCREST,FAILURE TO YIELD RIGHT OF WAY,86.0,0,0
DARK,RAIN,WET,STRAIGHT/HILLCREST,ANIMAL/OBJECT IN ROADWAY,84.0,1,1
DAYLIGHT,SNOW,SNOW/SLUSH,STRAIGHT/HILLCREST,SPEED TOO FAST - WEATHER CONDITIONS,54.0,1,1
DARK,SNOW,SNOW/SLUSH,STRAIGHT/HILLCREST,RAN OFF ROAD RIGHT,34.0,1,1
DARK,CLEAR,DRY,STRAIGHT/HILLCREST,RAN OFF ROAD RIGHT,63.0,0,0
DARK,CLEAR,DRY,STRAIGHT/HILLCREST,DRIVER ASLEEP OR FATIGUED,90.0,0,0
DAWN/DUSK,CLOUDY,DRY,STRAIGHT/HILLCREST,ANIMAL/OBJECT IN ROADWAY,87.0,0,0
DAYLIGHT,CLEAR,DRY,STRAIGHT/HILLCREST,FAILURE TO YIELD RIGHT OF WAY,89.0,0,0
DAYLIGHT,CLEAR,DRY,NON-ROADWAY CRASH,UNSAFE BACKING,115.0,0,0
DAYLIGHT,CLEAR,DRY,STRAIGHT/HILLCREST,UNSAFE LANE MOVEMENT,99.0,0,0
DARK,CLEAR,DRY,STRAIGHT/HILLCREST,UNSAFE BACKING,111.0,0,0
DAYLIGHT,RAIN,WET,CURVE/HILLCREST,SPEED TOO FAST - WEATHER,79.0,1,1
DARK (LIGHTED),CLEAR,DRY,NON-ROADWAY CRASH,DRIVER DISTRACTED,76.0,0,0
DAYLIGHT,CLEAR,DRY,NON-ROADWAY CRASH,UNSAFE BACKING,110.0,0,0
DARK,CLEAR,WET,CURVE/HILLCREST,PEDESTRIAN ACTION,73.0,1,1
DAYLIGHT,CLEAR,DRY,STRAIGHT/HILLCREST,RAN OFF ROAD RIGHT,77.0,0,0
DAYLIGHT,CLEAR,DRY,NON-ROADWAY CRASH,UNSAFE BACKING,97.0,0,0
DAYLIGHT,CLEAR,DRY,NON-ROADWAY CRASH,OTHER (DRIVER),72.0,0,0
DAYLIGHT,CLEAR,DRY,NON-ROADWAY CRASH,UNSAFE BACKING,92.0,0,0
DAYLIGHT,CLEAR,DRY,STRAIGHT/HILLCREST,ANIMAL/OBJECT IN ROADWAY,75.0,0,0
DAWN/DUSK,FOG/SMOKE,ICE,CURVE/HILLCREST,SPEED TOO FAST - WEATHER CONDITIONS,38.0,1,1
DARK,CLEAR,WET,CURVE/HILLCREST,RAN OFF ROAD RIGHT,76.0,1,1
DAYLIGHT,CLEAR,DRY,STRAIGHT/HILLCREST,OVERCORRECTING/OVERSTEERING,105.0,0,0
DARK (LIGHTED),CLEAR,DRY,NON-ROADWAY CRASH,OTHER (DRIVER),78.0,0,0
DAYLIGHT,CLEAR,DRY,NON-ROADWAY CRASH,UNSAFE BACKING,108.0,0,0
DAYLIGHT,RAIN,WET,NON-ROADWAY CRASH,OTHER (DRIVER),61.0,0,0
DAYLIGHT,CLEAR,DRY,NON-ROADWAY CRASH,UNSAFE BACKING,80.0,0,0
DARK (LIGHTED),CLOUDY,DRY,NON-ROADWAY CRASH,OTHER (DRIVER),96.0,0,0
DAYLIGHT,CLEAR,DRY,NON-ROADWAY CRASH,UNSAFE BACKING,84.0,0,0
DAYLIGHT,CLEAR,DRY,NON-ROADWAY CRASH,IMPROPER PASSING,108.0,0,0
DAYLIGHT,RAIN,WET,NON-ROADWAY CRASH,OTHER (DRIVER),86.0,0,0
DAYLIGHT,CLOUDY,DRY,NON-ROADWAY CRASH,UNSAFE BACKING,94.0,0,0
DARK (LIGHTED),CLEAR,DRY,NON-ROADWAY CRASH,OTHER (DRIVER),60.0,0,0
DARK (LIGHTED),RAIN,WET,NON-ROADWAY CRASH,UNSAFE BACKING,45.0,1,1
DAYLIGHT,CLOUDY,DRY,NON-ROADWAY CRASH,OTHER (DRIVER),57.0,0,0
DAYLIGHT,CLEAR,DRY,NON-ROADWAY CRASH,OTHER (DRIVER),70.0,0,0
DAYLIGHT,CLEAR,DRY,CURVE/HILLCREST,FAILURE TO YIELD RIGHT OF WAY,71.0,0,0
DARK (LIGHTED),CLEAR,DRY,STRAIGHT/HILLCREST,RAN OFF ROAD RIGHT,75.0,0,0
DAYLIGHT,CLEAR,DRY,STRAIGHT/HILLCREST,FOLLOWING TOO CLOSELY,68.0,0,0
DAYLIGHT,CLEAR,DRY,CURVE/HILLCREST,FOLLOWING TOO CLOSELY,108.0,0,0
DAYLIGHT,CLEAR,DRY,STRAIGHT/HILLCREST,FOLLOWING TOO CLOSELY,86.0,0,0
DAYLIGHT,CLEAR,DRY,STRAIGHT/HILLCREST,DRIVER DISTRACTED,77.0,0,0
DAYLIGHT,CLEAR,DRY,STRAIGHT/HILLCREST,BRAKE FAILURE OR DEFECTIVE,119.0,0,0
DARK (LIGHTED),RAIN,WET,NON-ROADWAY CRASH,OTHER (DRIVER),80.0,1,1
DAYLIGHT,CLEAR,DRY,STRAIGHT/HILLCREST,UNSAFE BACKING,73.0,0,0
DAYLIGHT,CLEAR,DRY,STRAIGHT/HILLCREST,IMPROPER TURNING,120.0,0,0
DAYLIGHT,CLEAR,DRY,NON-ROADWAY CRASH,OVERCORRECTING/OVERSTEERING,88.0,0,0
DAYLIGHT,CLEAR,WET,NON-ROADWAY CRASH,OTHER (DRIVER),114.0,0,0
DAYLIGHT,CLOUDY,DRY,NON-ROADWAY CRASH,IMPROPER TURNING,87.0,0,0
DARK (LIGHTED),CLEAR,DRY,NON-ROADWAY CRASH,UNSAFE BACKING,120.0,0,0
DARK (LIGHTED),CLEAR,DRY,NON-ROADWAY CRASH,UNSAFE BACKING,98.0,0,0
DAYLIGHT,CLOUDY,DRY,NON-ROADWAY CRASH,UNSAFE BACKING,100.0,0,0
DARK (LIGHTED),CLEAR,DRY,NON-ROADWAY CRASH,UNSAFE BACKING,110.0,0,0
DAYLIGHT,RAIN,WET,NON-ROADWAY CRASH,UNSAFE BACKING,74.0,0,0
DAYLIGHT,CLEAR,DRY,NON-ROADWAY CRASH,BRAKE FAILURE OR DEFECTIVE,82.0,0,0
DAYLIGHT,CLEAR,DRY,STRAIGHT/HILLCREST,FAILURE TO YIELD RIGHT OF WAY,97.0,0,0
DAYLIGHT,CLEAR,DRY,STRAIGHT/HILLCREST,FAILURE TO YIELD RIGHT OF WAY,77.0,0,0
DARK (LIGHTED),CLOUDY,DRY,STRAIGHT/HILLCREST,RAN OFF ROAD RIGHT,55.0,0,0
DAYLIGHT,CLEAR,DRY,STRAIGHT/HILLCREST,FOLLOWING TOO CLOSELY,110.0,0,0
DARK (LIGHTED),RAIN,WET,STRAIGHT/HILLCREST,SPEED TOO FAST - WEATHER CONDITIONS,81.0,1,1
DAYLIGHT,CLOUDY,WET,CURVE/HILLCREST,SPEED TOO FAST - WEATHER CONDITIONS,72.0,0,0
DAYLIGHT,CLEAR,DRY,STRAIGHT/HILLCREST,OTHER (DRIVER),111.0,0,0
DAYLIGHT,CLEAR,DRY,NON-ROADWAY CRASH,UNSAFE BACKING,120.0,0,0
DAYLIGHT,CLEAR,DRY,NON-ROADWAY CRASH,UNSAFE BACKING,79.0,0,0
DARK (LIGHTED),CLEAR,DRY,NON-ROADWAY CRASH,OTHER (DRIVER),119.0,0,0
DAYLIGHT,CLEAR,DRY,NON-ROADWAY CRASH,UNSAFE BACKING,106.0,0,0
DAYLIGHT,CLEAR,DRY,STRAIGHT/HILLCREST,FOLLOWING TOO CLOSELY,71.0,0,0
DARK (LIGHTED),CLEAR,DRY,NON-ROADWAY CRASH,BRAKE FAILURE OR DEFECTIVE,76.0,0,0
DARK (LIGHTED),CLOUDY,DRY,NON-ROADWAY CRASH,OTHER (DRIVER),60.0,0,0
DARK,RAIN,WET,NON-ROADWAY CRASH,DRIVER ILLNESS,74.0,1,1
